id,domain,status,purchase_price,renewal_price,attractiveness,demand,length,registrar,created_at,expires_at
000b8776-3898-4f53-96ff-0980b8e3bb44,neverending.channel,available,16.48,,66,17,12,namecheap,,
002dceea-b95f-4bb9-b6a3-a9f9d724b0f4,slicedbread.channel,available,16.48,,86,4,12,namecheap,,
002dfa57-c816-483b-91b5-d9a192de6a42,closets.channel,available,16.48,,56,10,7,namecheap,,
002e5175-f9f3-43d6-b6ad-aa85469c888c,keeptrack.channel,available,16.48,,76,8,10,namecheap,,
003bb196-1b9c-4fbf-9585-2a56ca10470d,snaps.channel,available,16.48,,52,20,5,namecheap,,
00406ca9-beec-4088-848f-2c69387763cd,monopolizing.channel,available,16.48,,40,1,12,namecheap,,
0056e121-45d1-4bfd-b36a-5349c3782898,enterthechat.channel,available,16.48,,62,3,14,namecheap,,
006303a1-35bd-4e0f-8d1a-7df215024423,cans.channel,premium,36.25,,56,10,4,name.com,,
006b2e5d-9ae1-4d0c-be20-0441d22172bd,thisway.channel,premium,36.25,,67,12,8,name.com,,
0086b2f3-a4d0-4581-b530-5e6fbf77a044,makeitcount.channel,available,16.48,,72,8,13,namecheap,,
008d9a8a-b392-462f-aaac-728df54c2251,Mexicans.channel,available,16.48,,54,5,8,namecheap,,
008da704-f5b9-4d88-92fa-6a5f32f09488,treehugger.channel,available,16.48,,78,12,11,namecheap,,
0095d62c-e606-41da-97ab-81bc284eed7c,coffeebush.channel,available,16.48,,80,1,11,namecheap,,
009a9838-14c5-4a8e-9010-baffadee5866,pads.channel,premium,73.75,,68,10,4,name.com,,
009b1eff-2ebc-405e-b640-7ee9c448112c,sorethroat.channel,available,16.48,,64,2,11,namecheap,,
00b60f05-6196-4cad-9cf7-880a73a0d67e,pointy.channel,available,16.48,,70,9,6,namecheap,,
00c0930f-b760-4e95-acfb-166ca5b17d06,drops.channel,premium,73.75,,52,25,5,name.com,,
00de5899-50c1-4a91-9755-d495ac29cb8e,inthewayof.channel,available,16.48,,44,0,13,namecheap,,
010c80a7-59aa-4c1a-a4e1-31bf7c62e0cc,hardatit.channel,available,16.48,,74,1,10,namecheap,,
010f3091-46e3-4f45-bc44-df0f603e9a1d,busfare.channel,available,16.48,,70,1,8,namecheap,,
0115c044-b577-490c-bd3a-216170bf1412,Ilostmybag.channel,available,16.48,,50,1,13,namecheap,,
01247429-6a2f-4b5e-93ed-35a7a8877a24,inthefastlane.channel,available,16.48,,64,2,16,namecheap,,
0136e684-85db-4a60-ac85-0f869c1847b5,intheeventthat.channel,available,16.48,,48,1,17,namecheap,,
013d2ee6-a2c7-45e4-9844-d78c0f145a58,slipped.channel,available,16.48,,70,3,7,namecheap,,
014a12b8-9877-40db-a335-678d48b96466,estatetrustee.channel,available,16.48,,42,2,14,namecheap,,
014a415e-f3c4-4b03-b5ef-6ab1310f4ef7,gaslighting.channel,available,16.48,,68,6,12,namecheap,,
01726638-2582-4d90-bb62-7f942a4ef131,chaitea.channel,available,16.48,,86,3,8,namecheap,,
017a5cdb-93d9-44cc-ba68-d49401c92056,letterofwishes.channel,available,16.48,,68,1,16,namecheap,,
01962bd3-2167-4162-86e6-3ab58c3cb9cc,been.channel,premium,311.25,,60,10,4,name.com,,
01ab7ac3-6f40-446c-9055-c4e138b7a615,counts.channel,available,16.48,,76,8,6,namecheap,,
01b42cd5-785f-45dc-a997-243fabacea85,gowiththeturf.channel,available,16.48,,66,0,16,namecheap,,
01be1211-6b66-4fb5-a209-3b1f70f7d2de,ballpointpen.channel,available,16.48,,72,5,14,namecheap,,
01c0c7fd-6cd2-400a-97a4-b885d8524d50,caught.channel,available,16.48,,72,11,6,namecheap,,
01c8f3e8-8ace-4d2a-832a-f0da572a9abd,divinejudgement.channel,available,16.48,,47,1,16,namecheap,,
01cd1783-9368-4805-b15c-89d922583120,Christalive.channel,available,16.48,,76,3,12,namecheap,,
01d4729d-c038-46d0-ad34-baedc1a89723,neveragain.channel,available,16.48,,54,11,11,namecheap,,
01d880b6-991e-4883-b0a6-09599e58e682,WestHill.channel,available,16.48,,62,12,9,namecheap,,
01e016a7-f963-4bb7-8835-21d1b0c73254,moneyeconomy.channel,available,16.48,,74,1,13,namecheap,,
01e39632-d11d-47b9-afaa-854e8eec0e75,computers.channel,premium,161.25,,68,19,9,name.com,,
01f51161-2530-42d3-8f41-20144b07305e,keepoutof.channel,available,16.48,,68,0,11,namecheap,,
01f6330b-7548-40b9-ba55-301ca91ad50e,Ipop.channel,available,16.48,,76,9,5,namecheap,,
020266ab-a0d4-48a6-8865-23665ded116c,usernames.channel,available,16.48,,52,6,9,namecheap,,
021cdf17-da0c-4b8e-9e74-ca0bfa4ffd5c,settledown.channel,available,16.48,,80,2,11,namecheap,,
024a219f-27ca-43d8-bf26-aba85f882c4d,communityspirit.channel,available,16.48,,72,2,16,namecheap,,
02664409-f3ae-4f77-b27b-a96ca44525b6,havenobusiness.channel,available,16.48,,60,1,16,namecheap,,
02871650-89b4-4f01-a808-1ebe63e19983,vegetables.channel,premium,36.25,,64,8,10,name.com,,
028bc0d2-aae8-49f9-8baf-f54cf38c94eb,brands.channel,premium,311.25,,62,28,6,name.com,,
029cd292-a6a7-407d-90fa-84f4723ab3f2,takebystorm.channel,available,16.48,,70,0,13,namecheap,,
02bb7d75-8610-4288-b29a-6c4e2725c33a,ponders.channel,available,16.48,,54,5,7,namecheap,,
02ce9c14-5709-4673-b853-5af2bfcfdf6f,goballistic.channel,available,16.48,,68,2,12,namecheap,,
02d214ad-69f6-43f0-951b-3833f61b32eb,decides.channel,available,16.48,,56,3,7,namecheap,,
02d4a64d-0f8f-4d41-91aa-44684efdceb0,wheretheheck.channel,available,16.48,,36,1,14,namecheap,,
02e44a3c-2cb8-4c9f-855f-5a1c323019b6,natives.channel,available,16.48,,56,9,7,namecheap,,
02f9de95-49b6-4861-b7ed-3899e34c4549,mathematics.channel,premium,36.25,,68,19,11,name.com,,
030a4ae6-6d60-48c7-9c3d-ac819afc9c3d,grassrootsdemocracy.channel,available,16.48,,66,1,20,namecheap,,
030d7364-7345-401b-9380-0154e93d7f84,plateout.channel,available,16.48,,65,1,9,namecheap,,
031fd41d-e093-49c4-a543-1c754dc9a0b6,economically.channel,available,16.48,,58,2,12,namecheap,,
034792c6-e4cc-4b67-b945-1a1d917e69d6,cutthrough.channel,available,16.48,,74,6,11,namecheap,,
034f7dd2-7ed6-408d-8463-d4f4839136ff,keytothecity.channel,available,16.48,,70,6,15,namecheap,,
035e3824-9844-49ce-a4a2-c17eaecd3d13,childneglect.channel,available,16.48,,48,6,13,namecheap,,
03680018-98da-4a2b-9d53-7d208aa0be8e,houses.channel,premium,311.25,,66,18,6,name.com,,
036a51ca-39da-43ea-8f40-7586d594314d,Rhoda.channel,available,16.48,,69,5,5,namecheap,,
036d0543-8336-4a24-b059-de8a45963da1,AustraliaDay.channel,available,16.48,,66,4,13,namecheap,,
037c07cf-28ce-4ce5-8ba9-ccb05fd477f7,keepthefaith.channel,available,16.48,,70,4,14,namecheap,,
037cb37b-5b80-4f60-a37a-054923eb3210,yoursever.channel,available,16.48,,56,10,10,namecheap,,
038c1069-2025-4e91-a08f-f6cd867a0705,makemoney.channel,premium,161.25,,88,23,10,name.com,,
03906422-b689-4811-b444-759189d59dd6,professions.channel,available,16.48,,50,6,11,namecheap,,
0390ce9f-5a65-410f-b0b3-9f141df333dc,scissored.channel,available,16.48,,64,1,9,namecheap,,
0390d999-eba7-4853-9bbf-da56660af2e4,motherfugga.channel,available,16.48,,66,1,11,namecheap,,
039abdf0-5827-49b4-9d40-bc2d34551953,shells.channel,premium,36.25,,58,9,6,name.com,,
03b36af9-880c-4fc3-b527-7ea50a50c4aa,muhfucker.channel,available,16.48,,66,1,9,namecheap,,
03bb207b-1a02-4395-a7e7-96ecdffa7d08,highresolution.channel,available,16.48,,64,3,15,namecheap,,
03c02af9-ae97-4681-bfee-ea3a27b99387,yielded.channel,available,16.48,,56,3,7,namecheap,,
0404d305-582b-471a-a165-4b685d2b1242,intheprocess.channel,available,16.48,,52,1,14,namecheap,,
04109cad-c42e-4cc1-ad4c-cd18798ebc58,skills.channel,premium,623.75,,58,47,6,name.com,,
041134c8-d3e7-4b34-b6f3-74a7a8c90b9d,WorldExpo.channel,available,16.48,,69,9,10,namecheap,,
04114b3a-b576-4855-9e91-b0c124b137cf,polled.channel,available,16.48,,69,3,6,namecheap,,
04158479-49ba-42e1-b6ff-8c8b70845278,uponthewhole.channel,available,16.48,,46,1,14,namecheap,,
04243a3b-5474-4d65-8374-4bfc4e807f25,getthemeaning.channel,available,16.48,,69,0,15,namecheap,,
0428c327-0cfb-401c-a119-365df6643781,radioed.channel,available,16.48,,50,1,7,namecheap,,
0429e1e0-2b77-4af4-b676-23da1d9b7b63,comeupagainst.channel,available,16.48,,38,1,15,namecheap,,
0438223c-4a9e-409c-b30e-836038141c47,Ryan.channel,premium,348.6,348.6,60,44,4,namecheap,,
043e62fe-c0e6-4183-a148-6d6d76789d1a,makelove.channel,available,16.48,,88,10,9,namecheap,,
04489e23-cfbf-46e4-86ed-cad780e3e6ab,aswhat.channel,available,16.48,,56,7,7,namecheap,,
046297ee-f38c-4743-b1ec-c6191aa30148,speedup.channel,available,16.48,,78,10,8,namecheap,,
04666ebc-ad03-4c25-bafa-edd4d980ff2a,jumps.channel,available,16.48,,73,12,5,namecheap,,
046a08c2-23a0-4963-947c-3abca92ad0dd,goaroundthehouses.channel,available,16.48,,60,0,20,namecheap,,
046b3f31-1916-4e08-867b-a712298fb4dd,ratios.channel,available,16.48,,46,5,6,namecheap,,
04719914-5d35-4d20-a405-f640691ae1a9,believeyoume.channel,available,16.48,,48,9,14,namecheap,,
048db73f-5637-42ee-8839-b56bd8fc64c0,soundout.channel,available,16.48,,74,4,9,namecheap,,
04969a32-09c1-484b-87c6-22f6a50d94de,cometoastop.channel,available,16.48,,62,1,14,namecheap,,
04a20915-f10f-4c53-8e11-8a8b586c43bb,performed.channel,available,16.48,,58,3,9,namecheap,,
04a791d6-722b-4e65-9211-35c933b9adb8,breathalizer.channel,available,16.48,,67,1,12,namecheap,,
04a8e666-7b2b-4ef7-a3f6-fd099ef45eb6,wipes.channel,available,16.48,,56,8,5,namecheap,,
04c09068-872f-4203-911e-40fb10ba290e,cloaks.channel,available,16.48,,50,5,6,namecheap,,
04ca3259-761d-4b8d-b1f6-b6235827072a,manycolored.channel,available,16.48,,54,0,12,namecheap,,
04d6d8b1-089f-4f1a-8779-ff68de6b9f38,LongIsland.channel,premium,40.6,40.6,62,27,11,namecheap,,
04db935d-3801-461c-a826-25c25a00c56a,puton.channel,available,16.48,,70,7,6,namecheap,,
05207797-e230-4088-9dab-dc86783ff513,bloodpressuregauge.channel,available,16.48,,48,1,20,namecheap,,
0520cbf3-02ab-468a-8f09-95a008dd3032,nomnomnom.channel,available,16.48,,84,5,11,namecheap,,
0524d30c-c928-4bdb-82bd-49f33af2c09c,hasto.channel,available,16.48,,56,3,6,namecheap,,
05294912-b3b6-4cd4-bce9-a3ba8054c3a5,buses.channel,premium,36.25,,58,10,5,name.com,,
052b7b96-8764-4108-9af0-7e4390c1baf0,dropsomeonealine.channel,available,16.48,,70,0,19,namecheap,,
0533534c-1bbd-43a8-8f56-83defc3947f7,nojoke.channel,available,16.48,,48,4,7,namecheap,,
053483c0-e33d-4a98-b1cf-1c3329244bb9,besupposedto.channel,available,16.48,,60,1,14,namecheap,,
055f94e5-2d6e-47ff-8d52-9022dceb4cdd,inthecan.channel,available,16.48,,50,1,10,namecheap,,
0569c6df-ca80-45fd-b0f8-28db6665b1a9,prayed.channel,available,16.48,,62,4,6,namecheap,,
056b86f1-492c-4843-8587-0cc72a451474,possesses.channel,available,16.48,,48,1,9,namecheap,,
056d4ec0-1257-407e-80cf-576014161435,backs.channel,available,16.48,,56,5,5,namecheap,,
057228c9-07f3-4edc-b2dd-2f99b6b7e32e,flashfloods.channel,available,16.48,,42,1,12,namecheap,,
057caba6-6a14-42ce-89eb-f30f15b38848,brought.channel,available,16.48,,56,8,7,namecheap,,
0582ea5c-3a0f-47fd-9647-28748b3ecd47,nomanisanisland.channel,available,16.48,,64,1,19,namecheap,,
058b8664-0a3a-417e-99f0-a3f77be6feef,nothanksto.channel,available,16.48,,58,0,12,namecheap,,
058fd9b7-a7fb-427c-8197-07628e0c7267,ricefield.channel,available,16.48,,75,5,10,namecheap,,
0596e547-9866-4c09-97fb-8379f04604d6,Cathy.channel,premium,40.6,40.6,66,14,5,namecheap,,
059f1446-c676-4f1e-aace-1d0b31b2a628,speedofsound.channel,available,16.48,,68,5,14,namecheap,,
05b0406a-b1d6-4171-af10-5d517f373a85,youre.channel,available,19.99,,62,15,5,name.com,,
05b37a87-e390-4e6b-b0ab-5af543daea37,workmanship.channel,available,16.48,,74,3,11,namecheap,,
05b4718c-7f12-4672-af85-d34c9261f795,partwith.channel,available,16.48,,68,1,9,namecheap,,
05d2faa9-b6ec-4c46-ae02-c089292b9c42,skulls.channel,available,16.48,,44,8,6,namecheap,,
05d3118c-3f96-452e-9040-7532fb70a6c2,myspace.channel,available,16.48,,80,65,7,namecheap,,
05d98bad-d8c8-4c45-91d0-11f232d093ac,Iwouldratherdie.channel,available,16.48,,44,1,18,namecheap,,
05e936e4-51e2-43e3-8283-25d5ee4c386c,taxswap.channel,available,16.48,,60,1,8,namecheap,,
05eefd3c-88a3-414a-af2e-fdeb03238b7c,turntup.channel,available,16.48,,76,2,8,namecheap,,
05f3f831-406f-4c34-880f-0f7ecbb0b1b7,contemplating.channel,available,16.48,,42,3,13,namecheap,,
0617bf6c-d1f2-42e1-83fd-1059cf5cd3a8,inlightof.channel,available,16.48,,56,1,11,namecheap,,
061f7fcd-b511-4eb7-9254-bef1fff534a0,windowblind.channel,available,16.48,,48,1,12,namecheap,,
0621e412-a3a4-43e0-b366-76933d4601aa,pianos.channel,available,16.48,,58,11,6,namecheap,,
062e04d3-191d-43f8-9424-5565d49a8120,howyousay.channel,available,16.48,,56,1,11,namecheap,,
063cb55f-0b97-4185-98aa-d9a1d1963b12,gowithGod.channel,available,16.48,,68,2,11,namecheap,,
063cc36d-2fc0-47b9-846c-3469ac69de43,involves.channel,available,16.48,,58,3,8,namecheap,,
06429451-77db-4b1b-a384-02f63b9203a6,letrip.channel,available,16.48,,75,2,7,namecheap,,
0644b9bc-b54f-4ded-a0f2-84b49a9c7ce6,francisca.channel,available,16.48,,76,5,9,namecheap,,
064ba504-4742-4152-9155-7536cad824d6,sneezes.channel,available,16.48,,50,2,7,namecheap,,
06553473-a756-42f9-be25-8570ff9e468c,LettersandScience.channel,available,16.48,,71,2,19,namecheap,,
066471e0-4cba-4e1e-a81d-0d07b5aad411,trials.channel,premium,73.75,,48,12,6,name.com,,
066fa13b-e1db-42bc-a356-8a407b36bb27,involving.channel,available,16.48,,56,2,9,namecheap,,
0678a9e1-5bdf-42f4-bb11-02979d207724,arrows.channel,premium,36.25,,52,14,6,name.com,,
067b0e6d-6efa-4354-81bd-ea30090586c9,asyoulike.channel,available,16.48,,80,2,11,namecheap,,
067be78b-b106-4009-8f6c-1bfd852b326b,coldbrewcoffee.channel,available,16.48,,62,8,16,namecheap,,
068d0c72-2707-4d22-bcf4-47b8242c5d5c,structures.channel,premium,36.25,,47,11,10,name.com,,
06a0d0f2-49ec-4762-95cc-81d52c52ffc2,manages.channel,available,16.48,,56,3,7,namecheap,,
06a2ca91-8ae9-4693-865b-fdfeb130cafd,assemblyline.channel,available,16.48,,66,5,13,namecheap,,
06a36adb-5f9d-44ab-b16e-ff8049fab627,Iwanttoknow.channel,available,16.48,,50,5,14,namecheap,,
06bca9e5-5e80-4b94-96db-6f5a0ab81b71,comeinfor.channel,available,16.48,,76,0,11,namecheap,,
06c441d7-4f0e-4920-a8d5-110b7819b699,onstage.channel,premium,36.25,,64,14,8,name.com,,
06d92a61-1715-4191-87f5-570d4e7fd6eb,technicality.channel,available,16.48,,69,4,12,namecheap,,
06dbe240-a07f-4458-b819-def1f0e49154,croptop.channel,available,16.48,,80,4,8,namecheap,,
06df8ccb-94f7-4428-ad18-f672cadd31b9,proxyfight.channel,available,16.48,,44,1,11,namecheap,,
06e2a550-1922-4af8-b37c-92169e11cf5a,artgallery.channel,premium,73.75,,80,12,11,name.com,,
06f9dcfc-adbf-4e52-90ae-0d090836929c,brings.channel,available,16.48,,52,8,6,namecheap,,
070b4568-fcff-49d2-8851-c06ee32d635c,atthelast.channel,available,16.48,,72,0,11,namecheap,,
071111ee-531c-4579-852d-616f74cc7e8c,ladiesfirst.channel,available,16.48,,58,6,12,namecheap,,
0723d7c2-5e8f-477d-957d-f84b5cdb3101,walkabout.channel,available,16.48,,76,11,10,namecheap,,
07499c74-a194-4c1b-9a87-d2753df007aa,flourishing.channel,available,16.48,,78,15,11,namecheap,,
075541d9-0902-4601-bb76-f7b414b7c8ce,orders.channel,premium,623.75,,60,19,6,name.com,,
0759a17c-3312-46ab-a771-afe0db757a5b,AlcoholicsAnonymous.channel,available,16.48,,52,4,20,namecheap,,
07640cc0-7f6b-46c0-88cf-80d42b2ee9f4,presentation.channel,premium,73.75,,76,19,12,name.com,,
076e9608-bdbf-4dbf-9057-cf39190816d0,systematically.channel,available,16.48,,52,2,14,namecheap,,
0775b648-ddda-483e-a2c2-e839b8bd6780,viceversa.channel,available,16.48,,66,14,10,namecheap,,
078e10eb-da76-47e6-9fbb-bd3bc77f9819,DeadSea.channel,available,16.48,,50,6,8,namecheap,,
07974fad-79df-4432-840a-c52ff4109163,airmarshal.channel,available,16.48,,76,3,11,namecheap,,
0797c1e7-4183-46cb-b86b-81c31ec23b57,stayathome.channel,available,16.48,,68,7,12,namecheap,,
07989c2f-0ab1-4d94-9d51-81dadcc44a15,snowstorms.channel,available,16.48,,50,2,10,namecheap,,
079f4cff-62bf-4216-94f7-d1e0338858e6,convinced.channel,available,16.48,,70,5,9,namecheap,,
07a99f3a-cce2-41a7-8f23-d5faf85ddd72,learns.channel,available,16.48,,60,8,6,namecheap,,
07b8df76-ed19-45a8-bc41-8a6e0a288dce,justthejob.channel,available,16.48,,56,3,12,namecheap,,
07d1cfd7-510e-41e2-bd93-8b4972b6d814,bringit.channel,available,16.48,,82,9,8,namecheap,,
07db8f3a-eaf2-43c9-b79b-ecba6d2984fb,pickups.channel,available,16.48,,50,5,7,namecheap,,
07f7dbeb-b676-4de7-9f8b-8ed131c894b4,makefriends.channel,available,16.48,,88,6,12,namecheap,,
07fc0521-650b-4f10-bdb1-0f2765895668,Ilikepie.channel,available,16.48,,58,2,10,namecheap,,
080f0786-dcef-49a2-91c6-b16ec78ef2a5,hanginthere.channel,available,16.48,,54,3,13,namecheap,,
08198f0e-41d4-46f9-9f39-e75b2917f6d2,participants.channel,available,16.48,,58,7,12,namecheap,,
081f8595-b222-4f64-8f05-26506219ecf1,respecting.channel,available,16.48,,56,2,10,namecheap,,
08311a5c-a7a3-4934-a7cb-f6337051a495,calculations.channel,available,16.48,,52,4,12,namecheap,,
0834d2cd-a708-4eba-bdfc-f3fef60f105e,motions.channel,available,16.48,,62,12,7,namecheap,,
0834e9d3-188d-4c50-9de4-bc72f63bc3dd,carrie.channel,premium,73.75,,82,11,6,name.com,,
08383661-1839-4fa5-b345-714c454e3961,takeeffect.channel,available,16.48,,70,0,11,namecheap,,
084fd0f2-0e8f-420f-9bab-d7da5c61b96f,gearchange.channel,available,16.48,,74,1,11,namecheap,,
08550972-6a7e-403c-ab6c-95f56aa84c85,coffeetalk.channel,available,16.48,,80,8,11,namecheap,,
08659101-d12f-487c-944a-c1ddd7a7af2a,Icouldeatabrick.channel,available,16.48,,50,1,19,namecheap,,
087b3d67-5d4b-4f42-9b9b-f4fddb1d0bd7,differed.channel,available,16.48,,48,2,8,namecheap,,
087ed024-3b7e-46fd-b319-fd6c88d72272,Greekalphabet.channel,available,16.48,,62,2,14,namecheap,,
08956446-6e2e-4aa2-a69c-84523e5f1934,stockupon.channel,available,16.48,,54,1,11,namecheap,,
08aa6d16-4c05-4400-b109-4280879ad27e,publication.channel,available,16.48,,72,10,11,namecheap,,
08b0ffee-73bb-48f9-b532-649a59cccff6,birds.channel,premium,311.25,,61,30,5,name.com,,
08bc2565-7e19-4cb1-b47b-25e375734436,MiddleEastern.channel,available,16.48,,58,4,14,namecheap,,
08c0b37f-1a81-4228-8ab5-2071968aee33,instore.channel,premium,73.75,,74,12,8,name.com,,
08c2e0b1-157b-49c5-9b5c-751f57171ff6,breasts.channel,premium,36.25,,50,9,7,name.com,,
08c4bb02-0013-4d24-b0bc-ea73d478e45b,respiratory.channel,available,16.48,,62,24,11,namecheap,,
08c88db9-8cf8-4640-858b-673a084384fd,hammerhome.channel,available,16.48,,70,2,11,namecheap,,
08f861c2-0436-4953-8896-977acf00370d,royalpurple.channel,available,16.48,,73,13,12,namecheap,,
0907ba38-43c7-43e9-b53d-3ceb65f404d8,HarleyDavidson.channel,premium,82.6,82.6,78,9,15,namecheap,,
0916de7c-7ce4-478d-8fe1-3ff9faf8589f,proceeded.channel,available,16.48,,60,2,9,namecheap,,
0923bed1-9e30-438e-b407-79ed1f1f02c9,stepinto.channel,available,16.48,,52,5,9,namecheap,,
092f719e-7708-44a8-88c5-a5f27fa37680,bandits.channel,available,16.48,,40,10,7,namecheap,,
0935bb78-c040-4430-80ee-8f09e918f486,rockrecord.channel,available,19.99,,76,1,11,name.com,,
093d09ba-a28b-4db9-91ba-539858ac1ebb,keepwatch.channel,available,16.48,,70,5,10,namecheap,,
094622ea-0726-44d5-a43b-3dfda29acbfc,inwithachance.channel,available,16.48,,60,1,16,namecheap,,
0957c1c1-b538-4814-a19d-0c7bb35a733c,proxymurder.channel,available,16.48,,36,1,12,namecheap,,
095f39eb-e82b-4231-88b7-db07ac21982b,Ionlyworkhere.channel,available,16.48,,50,1,16,namecheap,,
09699562-eed1-4cae-8b26-9b935445ca81,thinktwice.channel,available,16.48,,74,11,11,namecheap,,
097ef065-5f0e-4965-9dd7-faf760c6e7f4,comeknocking.channel,available,16.48,,66,1,13,namecheap,,
098bbc49-faec-4d96-a583-78d28487cde8,clearsailing.channel,available,16.48,,72,1,13,namecheap,,
09908510-89b1-4847-b53a-94e8125a5051,mixedgrill.channel,available,16.48,,76,1,11,namecheap,,
09997a7a-ef43-44cd-b63a-91c8707a5b8b,headout.channel,available,16.48,,82,6,8,namecheap,,
09a2c1a2-b485-4dae-83bb-2ffada3fa2ba,committing.channel,available,16.48,,68,1,10,namecheap,,
09a88134-961b-4978-a703-c55d8ed82c69,coffeepots.channel,available,16.48,,62,2,10,namecheap,,
09bd7a06-e9c2-4b0a-a3c6-09ad56a67f15,samples.channel,premium,161.25,,60,12,7,name.com,,
09d3233d-e325-430a-9a56-ad0eee8d5b88,penetration.channel,available,16.48,,64,8,11,namecheap,,
09ddddfd-494f-48a0-8e19-a2496276ca10,puttowords.channel,available,16.48,,72,1,12,namecheap,,
0a11df57-44e2-4b2c-ae6e-27812a5d882d,Idoubtit.channel,available,16.48,,58,2,10,namecheap,,
0a2467ee-9f59-4908-9ef9-ec87b496898b,getjiggy.channel,available,16.48,,80,2,9,namecheap,,
0a4472da-7df3-402c-8746-a99127c7c49e,helmethair.channel,available,16.48,,70,3,11,namecheap,,
0a4657a6-d2bc-4161-9a2b-260bbd50b532,manypartedness.channel,available,16.48,,64,1,15,namecheap,,
0a58dbaa-4944-4f70-b55e-2061f78ca701,softsell.channel,available,16.48,,72,3,9,namecheap,,
0a592a10-c036-40e3-9b23-e353bab64083,keyserver.channel,available,16.48,,70,4,10,namecheap,,
0a5a4461-79a5-490f-b949-58b38557dd53,shots.channel,premium,73.75,,56,13,5,name.com,,
0a5f37af-fa19-4527-90c2-073b9912e285,pearlwhite.channel,available,16.48,,72,13,11,namecheap,,
0a729f84-c043-46c6-a037-6c8b0f8318a8,chem.channel,premium,161.25,,74,24,4,name.com,,
0a7a7562-43e9-49aa-97f0-a77a5da3903f,givingin.channel,available,16.48,,50,1,9,namecheap,,
0a9bb307-b004-4d74-8fde-b75ba9567bff,releasecandidate.channel,available,16.48,,66,1,17,namecheap,,
0aa87568-5f46-47e6-a23d-a4dd02b799cc,showandtell.channel,available,16.48,,70,8,13,namecheap,,
0ab5b60d-4c48-4089-bd25-7e74f100f0b7,makewaves.channel,available,16.48,,78,8,10,namecheap,,
0ab77b04-072c-4ffd-8c5e-03c7410ed8de,grams.channel,premium,36.25,,70,12,5,name.com,,
0abc8652-195f-4cc0-b72e-4aae36f4451a,spectra.channel,premium,73.75,,62,34,7,name.com,,
0ac7f294-5ce8-4e2e-b1f5-d0b3f3b98425,bloodtyping.channel,available,16.48,,74,2,12,namecheap,,
0ac8084f-8c48-47c3-acd9-456afb939777,atthewheel.channel,available,16.48,,72,1,12,namecheap,,
0acf723c-68da-43e1-9b56-b7719fafbf30,fruits.channel,premium,161.25,,74,17,6,name.com,,
0ae60b84-3204-4d6f-8917-da7a17e62c69,engineers.channel,premium,73.75,,60,19,9,name.com,,
0aea5893-7021-4137-977a-cbf57cf2680a,paperplate.channel,available,16.48,,74,3,11,namecheap,,
0b029137-2d0f-47f5-90ba-9a831824f86c,changeofvenue.channel,available,16.48,,60,1,15,namecheap,,
0b11248d-63f0-42b1-aefd-dc60848629a2,cattower.channel,available,16.48,,80,2,9,namecheap,,
0b157a89-ab29-4c83-ba14-f56cd38d3878,soldiers.channel,premium,36.25,,58,6,8,name.com,,
0b1a1a91-1ac5-4d09-8466-674ff5a4bf5c,bankers.channel,available,16.48,,52,11,7,namecheap,,
0b24f7e6-e0af-4e56-81ea-bb0f96504891,pulls.channel,available,16.48,,52,6,5,namecheap,,
0b2ec0d5-116c-4ca4-944e-da51b30ec8c5,bigidea.channel,available,16.48,,66,12,8,namecheap,,
0b36d510-8adc-4bed-a0ba-3e65d5808e84,Media.channel,premium,698.6,698.6,60,46,5,namecheap,,
0b41f0f5-4200-4f86-9640-6ae0a0780d5a,talked.channel,available,16.48,,62,6,6,namecheap,,
0b458e3f-ce0b-4180-8b39-1398d67156e5,Siamesecat.channel,available,16.48,,74,2,11,namecheap,,
0b52514a-41e4-42b6-a87a-808f1aa676a1,withaneyeto.channel,available,16.48,,42,2,14,namecheap,,
0b74d6d8-73a2-4f2a-b053-e2ee2a66db32,babybottle.channel,available,16.48,,74,3,11,namecheap,,
0b79ac04-24e8-4f29-a534-5362d54150c8,signout.channel,available,16.48,,75,4,8,namecheap,,
0b9042f9-44ae-4e80-8885-d8120674e27c,naturestudent.channel,available,16.48,,46,15,14,namecheap,,
0ba53ed9-b989-4d5e-802d-106e46a37599,principally.channel,available,16.48,,60,1,11,namecheap,,
0baf0ee9-1922-4844-8539-d44e8f5a5718,finalyearproject.channel,available,16.48,,66,2,18,namecheap,,
0bbff64a-3788-4f58-84dd-ae8ba163aa57,saveface.channel,available,16.48,,78,5,9,namecheap,,
0be0c598-1587-432a-9624-7d21cb96473d,goodrun.channel,available,16.48,,76,4,8,namecheap,,
0be5057d-8800-4e26-90fa-4bbc5de50b0b,fonts.channel,premium,73.75,,58,17,5,name.com,,
0bf2b9d3-ecf5-422f-85cf-8e3f86a9ba4a,shouldof.channel,available,16.48,,55,1,9,namecheap,,
0bf65989-56de-4947-abdc-b5b02b82ac4f,establishment.channel,available,16.48,,60,6,13,namecheap,,
0bf8dc4a-d1a1-4cab-b85e-a2eb251b6d05,taller.channel,premium,36.25,,54,10,6,name.com,,
0c0d512c-013d-464b-8669-eceb65c77757,Curves.channel,premium,82.6,82.6,51,11,6,namecheap,,
0c0e4efd-4b25-4029-9535-b610142e676b,fasttimes.channel,available,16.48,,80,3,10,namecheap,,
0c1f6b27-03a7-4dfb-9c44-e9b4db46be00,getphysical.channel,available,16.48,,80,1,12,namecheap,,
0c29d9d3-df73-42f5-901c-b638528fab9d,gototherestroom.channel,available,16.48,,56,1,18,namecheap,,
0c2fb40f-08e3-417d-b991-40bd48d2121f,filets.channel,available,16.48,,66,2,6,namecheap,,
0c3024be-bb5e-441f-9c1f-e2ad6768a981,reckoned.channel,available,16.48,,50,1,8,namecheap,,
0c32096f-0d21-45fb-bcbf-222786b42aeb,couldnotcareless.channel,available,16.48,,38,0,19,namecheap,,
0c5a22cc-da2a-4fac-9fca-18b916c0034c,packs.channel,available,16.48,,54,15,5,namecheap,,
0c5c0361-30fa-456d-bc40-1dd2d464f005,yards.channel,available,16.48,,66,9,5,namecheap,,
0c73288e-5130-437a-b689-a4398ebcd922,tornados.channel,available,16.48,,50,4,8,namecheap,,
0c741127-0802-4809-be94-7dcb1d5dbc39,buttons.channel,premium,73.75,,73,12,7,name.com,,
0c751ab0-bf65-493c-a812-969b0a3cd732,commontime.channel,available,16.48,,68,4,11,namecheap,,
0c840604-e50f-4f8e-903a-daec9b924854,deskorganizer.channel,available,19.99,,62,2,14,name.com,,
0c86a194-f831-4444-a5dc-a24164acbbdc,closequarters.channel,available,16.48,,64,4,14,namecheap,,
0c8781cb-b46d-49fc-b478-2a0e22ac23c5,childclass.channel,available,16.48,,50,1,11,namecheap,,
0c89af8e-0ab6-49c4-8dbd-2f763ec4ed00,seperation.channel,available,16.48,,48,2,10,namecheap,,
0c89efc2-923a-4d10-86a6-bf6cc826e3c2,oaktrees.channel,available,16.48,,56,3,9,namecheap,,
0c8b1a63-0521-410f-88ec-d05b52c02a69,voicecall.channel,available,16.48,,76,5,10,namecheap,,
0c928398-58d4-408a-8c7f-a0fc503ad7d6,comedians.channel,available,16.48,,56,4,9,namecheap,,
0c92b40f-8700-4fd6-a6c5-aef9f3f85db6,communicationmix.channel,available,16.48,,66,1,17,namecheap,,
0c987f20-de33-464f-8ac9-04854eafed27,pertained.channel,available,16.48,,52,1,9,namecheap,,
0c9d56ec-3c32-4452-b7c8-ed3f5f792490,tartarsauce.channel,available,16.48,,76,2,12,namecheap,,
0cc2e356-d36a-473b-9156-8c68d816f162,Tabascosauce.channel,available,16.48,,57,1,13,namecheap,,
0cc84a20-8861-4453-a4c1-7518df2c18e1,splithairs.channel,available,16.48,,66,2,11,namecheap,,
0ccddb9d-c3ad-4a7a-8946-e9ea6545dd51,survived.channel,available,16.48,,54,5,8,namecheap,,
0ccddfcf-6ea1-481b-bfe1-e244799c6c40,IslesofScilly.channel,available,16.48,,52,1,15,namecheap,,
0cd96192-c3ce-4a65-a3ec-00eb65a7d05e,brainwaves.channel,available,16.48,,56,8,10,namecheap,,
0cdc7186-5c7f-49e3-9c88-3531a5360b64,aswespeak.channel,available,16.48,,58,2,11,namecheap,,
0cdd307d-f8b0-4ded-b9d3-5c00857ce84c,vowels.channel,available,16.48,,52,5,6,namecheap,,
0cea8d40-d11f-4d45-bc0f-51ad9c26ee39,CountyofHarris.channel,available,16.48,,42,1,16,namecheap,,
0cf29516-7939-4acd-9590-c7960d419c09,NewTaipei.channel,available,16.48,,73,3,10,namecheap,,
0cfa9ab1-1cde-4357-a5f2-74b9f859f0eb,stating.channel,available,16.48,,72,4,7,namecheap,,
0cfe54be-9abc-4889-a5a5-35ebf96acaf0,motorvehicles.channel,available,16.48,,42,1,14,namecheap,,
0cff3317-1480-4c51-aa7e-ca2394cf2b41,RedSox.channel,available,16.48,,72,60,7,namecheap,,
0d003e8b-88d5-4532-9224-af4603701616,behindschedule.channel,available,16.48,,38,1,15,namecheap,,
0d1a2f30-8eb9-4d96-89d0-9c4e04517eb5,landedestate.channel,available,16.48,,42,1,13,namecheap,,
0d215286-78b3-4124-8f70-f9ffea54507a,unicorns.channel,available,16.48,,73,21,8,namecheap,,
0d2209a5-843b-4e93-a0aa-502a5a5f2800,givenotice.channel,available,16.48,,72,12,11,namecheap,,
0d258ea4-4bd5-42e8-b461-74e4fa6e4b3b,artofthepossible.channel,available,16.48,,48,8,19,namecheap,,
0d2e8fd0-7678-45f8-9238-0eb91688390d,coffeesyrup.channel,available,16.48,,80,2,12,namecheap,,
0d4d9f73-7942-47b8-b282-9d03b2f1282f,manyatimes.channel,available,16.48,,62,1,12,namecheap,,
0d558397-3203-40b3-ac1a-3e9319bb7971,turninto.channel,available,16.48,,86,2,9,namecheap,,
0d5a821e-bb36-481f-a5ef-93fe2a367028,riceflour.channel,available,16.48,,72,3,10,namecheap,,
0d603080-5c99-4618-99cf-bf0ace72eda9,breakfastcereal.channel,available,16.48,,72,2,16,namecheap,,
0d709d20-1b90-4b0a-a2e3-ec19d81fe39c,biases.channel,available,16.48,,42,3,6,namecheap,,
0d774419-351b-4dd4-8a1d-fae3975ce8d4,getoneselftogether.channel,available,16.48,,49,1,20,namecheap,,
0d9a15c4-c916-4f21-8aa8-5f92850f75ac,havingsaidthat.channel,available,16.48,,44,4,16,namecheap,,
0dc19f0d-c74d-45f4-881b-86eb202ae28e,makeright.channel,available,16.48,,78,9,10,namecheap,,
0dc3004a-25d4-4497-9fa7-1309b901402b,gotowards.channel,available,16.48,,68,1,10,namecheap,,
0dc9a3c5-3afc-43fe-9b6e-db2f2065da81,highprofile.channel,available,16.48,,70,4,12,namecheap,,
0dcda24b-951f-413d-85ad-8e958fd4fd5f,stepaside.channel,available,16.48,,74,2,10,namecheap,,
0dd1410b-cee4-4bd0-8e69-c45087f2bfe1,hairbrush.channel,available,16.48,,76,6,10,namecheap,,
0deef175-b786-45e4-a374-3456c2cc67dc,atthemoment.channel,available,16.48,,70,3,13,namecheap,,
0defc114-1221-433c-8cb3-bd4df683a750,mouthtomouth.channel,available,16.48,,60,2,14,namecheap,,
0defd0f5-8980-47fb-a19f-4586bb8975cd,ontheropes.channel,available,16.48,,59,2,12,namecheap,,
0df665b3-680e-416d-96b0-acdf466a7ab4,synchronise.channel,available,16.48,,78,4,11,namecheap,,
0e049c1d-07d6-45b2-b835-7c2a53c46a34,springshower.channel,available,16.48,,54,0,13,namecheap,,
0e122b37-dcd9-4112-9942-1862c7b0430b,getthebestof.channel,available,16.48,,69,2,15,namecheap,,
0e1ef28a-66de-4247-81e3-4c5e9700d6fd,tended.channel,available,16.48,,50,7,6,namecheap,,
0e1fc55e-8cf0-4772-aacd-9e8fccda97d0,Nicky.channel,premium,40.6,40.6,66,13,5,namecheap,,
0e406653-596b-4761-997a-e7439cfeb5f4,signover.channel,available,16.48,,69,1,9,namecheap,,
0e456aec-0b67-4831-b8e5-a299330db399,sisterinlaw.channel,available,16.48,,64,1,13,namecheap,,
0e693a76-59fa-4b2d-9fb7-a1c2f5903153,doesnotcompute.channel,available,16.48,,40,3,16,namecheap,,
0e6eb581-a558-49ec-a13f-d73adbd04fd8,wouldof.channel,available,16.48,,55,1,8,namecheap,,
0e88c8df-21c2-4b52-a81e-f55849c8408d,coffeecake.channel,available,16.48,,80,2,11,namecheap,,
0e8a1d1b-54f0-4328-8d33-eb4ccd067082,breastcancer.channel,premium,36.25,,58,9,13,name.com,,
0e92cc5d-7e75-402d-aac3-cf0f5de0d368,blueraspberry.channel,available,16.48,,70,11,14,namecheap,,
0e9fbea6-75b1-43f4-a625-1736358a3078,blueberrypie.channel,available,16.48,,60,2,13,namecheap,,
0ea4bff5-24f8-4ea4-bd08-b8d1b0064ed0,organdonation.channel,available,16.48,,72,2,14,namecheap,,
0eae49b1-5ff2-4c42-9272-af9df2a114a7,Books.channel,premium,1398.6,1398.6,52,49,5,namecheap,,
0ebb7dec-733b-4b6d-a90c-291a7d1137a7,Jews.channel,premium,40.6,40.6,50,12,4,namecheap,,
0ebc5f6b-4bad-410c-8c33-2fac5c3da63e,promotions.channel,premium,73.75,,64,14,10,name.com,,
0ec0907c-f337-447e-a19f-92980b479ae4,mothahfuckah.channel,available,16.48,,66,1,12,namecheap,,
0ee6224f-8419-4c9c-b50c-0e65ae17550b,frozenfood.channel,available,16.48,,74,3,11,namecheap,,
0efdce3a-7219-4dc6-9a1e-bfc91904d5c1,standardscore.channel,available,16.48,,42,1,14,namecheap,,
0f00c2ed-7538-4c19-a8d1-35616e5ef101,moneyorders.channel,available,16.48,,56,1,12,namecheap,,
0f0117c7-1c87-4989-80d9-954eae479ac9,haveyoueaten.channel,available,16.48,,44,2,14,namecheap,,
0f170f25-2bd9-464a-adfe-9b4313cae79b,stealaway.channel,available,16.48,,72,1,10,namecheap,,
0f2246d2-d0c5-435e-8fcd-4f5f6fde3b88,Fairs.channel,available,16.48,,70,7,5,namecheap,,
0f295f99-06f9-488f-9ce4-2edf8ba79668,hairdryers.channel,available,16.48,,60,2,10,namecheap,,
0f2faf15-831e-4e3e-9c2b-fcf6e2625efb,abovewritten.channel,available,16.48,,54,11,13,namecheap,,
0f388710-5565-49ba-ab4c-5c76e76fefb5,normallywhite.channel,available,16.48,,50,11,14,namecheap,,
0f4d9431-0e66-4043-a05a-3f37b39b270e,engagementring.channel,available,16.48,,72,6,15,namecheap,,
0f53e76e-d219-4bce-9202-6dec541dc6e4,packets.channel,available,16.48,,60,8,7,namecheap,,
0f555fab-dc73-4599-95a0-1a218f0640a4,Ihearyousay.channel,available,16.48,,50,1,14,namecheap,,
0f5f7c2d-58dd-455c-abd6-e64fd25824cb,gooddoctor.channel,available,16.48,,78,8,11,namecheap,,
0f615b6b-ca64-44e7-b293-bb32ae1cdf30,matcha.channel,premium,36.25,,86,39,6,name.com,,
0f62f060-0d5c-4be0-bafb-c904d6c32816,lookthrough.channel,available,16.48,,80,4,12,namecheap,,
0f7190e5-b115-406b-9604-e7764203f55e,gooutwithabang.channel,available,16.48,,66,1,18,namecheap,,
0f7361a4-10d3-4faf-bdfa-a638f743efb4,comes.channel,available,16.48,,70,8,5,namecheap,,
0f90116d-8678-4c54-bc38-c3b37307e29d,Franks.channel,available,16.48,,62,17,6,namecheap,,
0f9a5d67-a9e5-4a02-87c3-9a625a9d1821,gobackon.channel,available,16.48,,72,2,10,namecheap,,
0f9f1aed-c0fa-4cf2-87d4-d8d9f530cd0b,computerchip.channel,available,16.48,,68,2,13,namecheap,,
0fa63d91-a4a3-4f14-850c-01b61a393944,recordcompany.channel,available,16.48,,66,2,14,namecheap,,
0fc666c0-884e-4e62-9fb2-d4d632a81beb,hammeraway.channel,available,16.48,,66,0,11,namecheap,,
0fe97b25-ed11-43c0-a2a0-8fcc6bfb84ab,publicservice.channel,available,16.48,,65,8,14,namecheap,,
100a31fd-b513-42f0-a643-852c0bf26900,electricalpolarity.channel,available,16.48,,59,0,19,namecheap,,
100aecaf-a109-4c78-a2bb-d3fdab3a0169,sacks.channel,available,16.48,,59,8,5,namecheap,,
100d4b95-00ed-4357-af25-f49607ce241d,sideburns.channel,available,16.48,,76,3,9,namecheap,,
10144df9-0e8f-4e23-b1b2-ebfb87e81625,clipart.channel,premium,161.25,,74,8,8,name.com,,
10303671-dad5-45f8-a55e-ff2256106d26,comeunder.channel,available,16.48,,70,1,10,namecheap,,
104f49ef-0662-4c65-b740-e714ef6498f6,cops.channel,premium,36.25,,74,13,4,name.com,,
105bfc13-2028-4336-b771-f351f3085bd9,restructuring.channel,available,16.48,,60,6,13,namecheap,,
1061cfa2-451e-48c1-85c0-d90879b9e1c1,packup.channel,available,16.48,,76,5,7,namecheap,,
1072186b-79da-4a90-b1d1-184179df9e5e,welfarecheck.channel,available,16.48,,62,1,13,namecheap,,
107dd3a2-1183-49d4-976f-082ceecb2138,collections.channel,premium,73.75,,48,14,11,name.com,,
108ec365-573f-46bc-83c0-6a145de56ca3,ChildJesus.channel,available,16.48,,56,2,11,namecheap,,
10924b34-3ea8-4ef7-a0a6-54088306cfcf,partitioned.channel,available,16.48,,48,2,11,namecheap,,
109669b4-2204-4b20-9be2-a5895de3f3b5,luncheonettes.channel,available,16.48,,52,1,13,namecheap,,
10a725ea-8436-4e0e-8a09-002e851f6fc8,notions.channel,available,16.48,,54,8,7,namecheap,,
10b2797e-e03d-4b01-a511-e4066dd055c6,goodnews.channel,premium,36.25,,80,25,9,name.com,,
10bd45da-f87d-446d-a6f9-d756c361f966,familyrestaurant.channel,available,16.48,,66,2,17,namecheap,,
10c16465-5363-49c1-b29d-95bfd9989446,chickensalad.channel,available,16.48,,76,3,13,namecheap,,
10c504aa-499f-4aaf-a735-3f427fcd6381,thebird.channel,available,16.48,,58,6,8,namecheap,,
10d50388-e2d9-4ac5-8f9c-bf26796f6a4d,discjockey.channel,available,16.48,,82,7,11,namecheap,,
10d936b2-b2d5-444d-8438-aa64ac091bfa,Dicks.channel,premium,40.6,40.6,56,14,5,namecheap,,
10db0664-a65b-4ea3-9e0c-1d06b870ca3c,nowfor.channel,available,19.99,,58,1,7,name.com,,
10e3dade-1e62-4214-9fd7-c2107326ea25,changesides.channel,available,16.48,,70,0,12,namecheap,,
10ed79f7-3add-42c4-ab40-a20ba8965dc4,estimators.channel,available,16.48,,50,3,10,namecheap,,
10ef65a6-bb05-4447-8962-71c590dff240,dateofdeath.channel,available,16.48,,56,1,13,namecheap,,
11129062-20e4-4036-9961-2449e3b84ca9,bornyesterday.channel,available,16.48,,44,2,14,namecheap,,
11196066-8830-4faa-9167-f042f3c1f6e2,wintertime.channel,available,16.48,,76,3,11,namecheap,,
1120bc33-7ae9-40b8-8f48-86a47f1febfe,closein.channel,available,16.48,,78,2,8,namecheap,,
1129f431-eb52-4b47-a360-fa8fa0153a8d,tubes.channel,premium,36.25,,48,12,5,name.com,,
112b7d54-51e7-4715-9820-df4e170e6404,Internetlike.channel,available,16.48,,70,1,12,namecheap,,
1148b476-40c3-429d-8136-7cb6e3ebae44,Jim.channel,premium,348.6,348.6,78,28,3,namecheap,,
114f750e-2a0c-4dce-97a1-19dc64ed4c53,Westlake.channel,available,16.48,,68,23,8,namecheap,,
11571a6c-93e9-4c71-b058-e65ad7f80081,slipby.channel,available,16.48,,64,1,7,namecheap,,
115a3052-3b6a-4a6f-a3c7-bb24b117f6c2,flashflooding.channel,available,16.48,,52,0,14,namecheap,,
1166a1ce-0831-4b8e-a652-3d3b664954c6,gobigorgohome.channel,available,16.48,,68,3,17,namecheap,,
116f44d2-d698-44ee-87b3-e03d0d1bc071,sounded.channel,available,16.48,,60,5,7,namecheap,,
11824eee-37b5-4186-add9-c5166f9133f7,vergeon.channel,available,16.48,,68,1,8,namecheap,,
11ab5a19-944b-4d2c-9eef-10768bce36b0,reprimanded.channel,available,16.48,,42,1,11,namecheap,,
11b1d564-db41-4efe-9f90-4557e3a74a36,motherfukka.channel,available,16.48,,66,1,11,namecheap,,
11b6e025-2257-472a-b36b-4f40b8ab5d43,atthedouble.channel,available,16.48,,66,0,13,namecheap,,
11cb71a4-de23-4c80-ae22-6baf6830b55f,officekeeper.channel,available,16.48,,45,1,13,namecheap,,
12078e40-99d3-4cd4-8738-4eeda6565fdd,conventionally.channel,available,16.48,,50,1,14,namecheap,,
1213565d-9089-4b84-a724-dac26a910a3b,gonefishing.channel,available,16.48,,72,7,12,namecheap,,
1235ba95-81ec-4c54-ba62-909a6478396b,twentythree.channel,available,16.48,,65,7,12,namecheap,,
1235ee78-28cc-46b1-b07b-4a543b7ab0fe,privatesector.channel,available,16.48,,64,2,14,namecheap,,
125613ee-9d80-4ed4-9c75-c46476771665,platepaper.channel,available,16.48,,66,0,11,namecheap,,
125ca4cb-12ab-4c16-a807-4b44f6c8319a,inorderfor.channel,available,16.48,,60,0,12,namecheap,,
126defb6-6587-437d-86b3-a0a20f151ad9,goaroundincircles.channel,available,16.48,,62,0,20,namecheap,,
1272b24d-177f-4127-a834-f0c7792828dd,letsomeonehaveit.channel,available,16.48,,67,1,19,namecheap,,
1279a5a3-b295-419d-b0a3-63f72e450aef,letsomethingslip.channel,available,16.48,,67,1,18,namecheap,,
127e9a00-1401-47e0-8c5d-0edbabe2b51e,domesticworker.channel,available,16.48,,68,2,15,namecheap,,
12899185-b8eb-4f02-801c-fd634787c7fc,likeitorleaveit.channel,available,16.48,,44,2,19,namecheap,,
128fe748-8dfc-4f56-85b6-290f776dcd49,bloodplasma.channel,available,16.48,,74,1,12,namecheap,,
129f13a8-abe4-4045-9d6c-4e065e4bca6e,lightup.channel,premium,36.25,,82,15,8,name.com,,
12ae86d0-e25d-464f-9115-ad085e458332,shalt.channel,available,16.48,,56,1,5,namecheap,,
12c82e2d-e279-4de4-9dc9-b9ffb528ce63,personals.channel,available,16.48,,47,8,9,namecheap,,
12e13f64-d513-442b-a7d8-da8560c4ca73,wherethehell.channel,available,16.48,,34,1,14,namecheap,,
12feccdd-eaf5-406a-b4d7-11d0aad9f74b,quizzes.channel,available,16.48,,54,8,7,namecheap,,
12fefb51-e120-4dad-94b5-6ddb30088412,recycled.channel,premium,36.25,,79,10,8,name.com,,
130a4794-2afe-404e-9e3c-c28d7ea9374e,toes.channel,available,16.48,,58,8,4,namecheap,,
131b27e3-3df6-428d-b109-acd58649b738,whatkindof.channel,available,16.48,,46,7,12,namecheap,,
132b8d87-fde2-408e-8a6e-5b8ef5069a04,commonweal.channel,available,16.48,,68,5,11,namecheap,,
13364c3e-6ef0-4ee2-82d2-fd07216202e9,pointat.channel,available,16.48,,46,2,8,namecheap,,
134b126d-89cb-45b9-9f7f-378a9c975985,StCharles.channel,available,16.48,,70,5,11,namecheap,,
135f8c27-a934-41b5-bbf6-c2b6ae1ae2ce,campaigning.channel,available,16.48,,72,7,11,namecheap,,
1363661b-b805-44f4-88e4-f695cd1ed569,gobackalongway.channel,available,16.48,,66,1,18,namecheap,,
1368a2a8-5670-4e4e-8d19-4ad18f507efd,takeanap.channel,available,16.48,,73,2,10,namecheap,,
137a073c-3510-492c-bf6d-80cacfdaa18e,goonrecord.channel,available,16.48,,70,1,12,namecheap,,
137c7237-bf35-45b0-9eda-6c9170792165,estimationtheory.channel,available,16.48,,60,1,17,namecheap,,
138594ef-8b8e-410d-885d-601671f35eec,letthefurfly.channel,available,16.48,,47,1,15,namecheap,,
1387b57e-1331-4b7b-8112-33ad387cf338,StPetersburg.channel,available,16.48,,64,8,14,namecheap,,
1398a1a4-8da0-48cc-ba6b-f0c2fadfdb33,rightandleft.channel,available,16.48,,48,8,14,namecheap,,
13a01d75-c891-4ba5-9161-1cc9a73f34a9,pricked.channel,available,16.48,,59,6,7,namecheap,,
13a54d5b-0e93-472b-9567-e55efb4bb954,provinces.channel,available,16.48,,54,2,9,namecheap,,
13c6848b-0d35-4f57-8e36-404cd6dcf933,cucumbers.channel,available,16.48,,74,4,9,namecheap,,
13d0a88f-7342-4829-a070-df2b405922db,hitormiss.channel,available,16.48,,66,3,11,namecheap,,
13d22646-78ae-4924-8e75-22cdd47ca875,touchon.channel,available,16.48,,72,4,8,namecheap,,
13e5715d-6a3d-4149-8520-d2ff6297b2ae,tasking.channel,available,16.48,,68,7,7,namecheap,,
13f30a54-9468-4c8d-96ec-4bd4e4553db6,herbalmedicines.channel,available,16.48,,52,2,16,namecheap,,
1402e09f-1a7b-4cbc-bd8d-011ad76cf7dd,Ikidyounot.channel,available,16.48,,50,2,13,namecheap,,
140399cf-7bfd-49ea-a41d-99adb2584d5f,manyhappies.channel,available,16.48,,72,1,12,namecheap,,
14084fff-0228-47ab-b825-7b2e5e789efb,nontoxic.channel,available,16.48,,74,7,9,namecheap,,
140c427a-9d02-4559-b118-b98733df9c3f,messages.channel,premium,311.25,,80,16,8,name.com,,
141283be-0ea2-40d2-9724-df95d0c05b4e,howto.channel,premium,623.75,,76,35,6,name.com,,
141fbc7b-a289-4137-9479-e1040120bb40,moneylaundering.channel,available,16.48,,54,5,16,namecheap,,
144860b7-d7b5-4f88-93d4-28d895a0df23,insteadof.channel,available,16.48,,52,4,10,namecheap,,
145bdd15-5961-4f7e-91de-4e34f8b1497f,spillover.channel,available,16.48,,68,4,10,namecheap,,
1470ef58-42de-4fb7-b445-4957b07d57db,haveworkdone.channel,available,16.48,,62,0,14,namecheap,,
14823cc6-b7e4-4fb1-9f30-9cc03d30946a,comeoutwith.channel,available,16.48,,68,1,13,namecheap,,
14976324-87e9-4924-8bd6-1ab9444aaf97,Iwantmymoneyback.channel,available,16.48,,50,2,20,namecheap,,
14a1a933-d704-4e44-a64d-297dbc9c3fe7,breatheeasy.channel,available,16.48,,78,7,12,namecheap,,
14a643ad-bdba-4a4b-92d8-94a42fd28ea2,veggiedog.channel,available,16.48,,74,2,10,namecheap,,
14ba9569-4924-45bc-bec4-6f09b27f040c,newsarticle.channel,available,16.48,,46,2,12,namecheap,,
14c3053d-add5-460f-b44e-e5c71a8a9777,hashtag.channel,premium,73.75,,82,30,7,name.com,,
14c56073-fb8e-4e66-905e-9704cb28574e,description.channel,premium,73.75,,80,7,11,name.com,,
14c98e2b-795c-416c-8bf5-cd425d9f85b7,leavesomeonecold.channel,available,16.48,,58,4,18,namecheap,,
14cf6067-00ee-43ac-94ec-a8dd654bcc2a,bears.channel,premium,73.75,,64,28,5,name.com,,
14eb8cb7-bf71-4bab-b17c-d056cdf0e2f4,Automobiles.channel,available,16.48,,62,17,11,namecheap,,
14fa1b73-30f3-4416-bf7f-a4ba15da3a66,totheminute.channel,available,16.48,,39,1,13,namecheap,,
14fc8d0f-37e0-4eb1-b48d-2be5af197f02,generalinsurance.channel,available,16.48,,69,3,17,namecheap,,
1504c4d3-9f28-4fd9-bb2b-66b10a9cef7f,ColonelSanders.channel,available,16.48,,68,1,15,namecheap,,
15197c9c-633b-4e9d-863a-f92c358680f7,techsupport.channel,available,16.48,,76,18,12,namecheap,,
15276e59-1a1f-4bfb-868e-442e4e41df5c,modernschool.channel,available,16.48,,48,2,13,namecheap,,
1532483d-2d5f-4dd5-8585-b545c8b299a3,approaches.channel,available,16.48,,70,3,10,namecheap,,
153a8630-46f3-4151-a5b2-6b137b28b680,postponement.channel,available,16.48,,57,1,12,namecheap,,
154ed528-e8e4-4e86-918e-b478c5f19365,getoveron.channel,available,16.48,,72,1,11,namecheap,,
155a0438-108b-4573-aef5-8e268858e7f6,likeashot.channel,available,16.48,,56,1,11,namecheap,,
1567bf99-af8b-4c1e-8641-6dd55ee9c6bd,determination.channel,available,16.48,,70,9,13,namecheap,,
15781300-300b-4dc9-bb9d-2def8fbc04fe,handdown.channel,available,16.48,,76,5,9,namecheap,,
157947a4-d748-4c84-8378-2189f4e5f824,tooright.channel,available,16.48,,53,7,9,namecheap,,
157bd2bc-0967-4705-8415-54cb9f90d70a,terminators.channel,available,16.48,,46,3,11,namecheap,,
15947661-03de-4d89-bb84-08e9c3cbc7f8,makeoneselfclear.channel,available,16.48,,70,1,18,namecheap,,
15953a56-d9e9-41da-9577-e4aceb3471dd,velocities.channel,available,16.48,,52,4,10,namecheap,,
15a32482-06c9-42ca-ba06-541f882c995d,NewYorkState.channel,available,16.48,,76,4,14,namecheap,,
15beb0be-26fd-4b6b-a564-8861fd882de1,cements.channel,available,16.48,,56,3,7,namecheap,,
15c886d2-42ae-4165-be5b-313e58fcd4a2,Stars.channel,premium,698.6,698.6,79,31,5,namecheap,,
15eaf7c9-4059-42e9-8925-904e17fe979d,runabout.channel,available,16.48,,73,4,9,namecheap,,
15ed613d-e2e0-4247-bca7-9767dce4cbcf,sitaround.channel,available,16.48,,66,1,10,namecheap,,
15faff6f-b3da-4266-96e8-cdeccf6824f2,dateofbirth.channel,available,16.48,,66,2,13,namecheap,,
1611e09b-ae5e-4066-907e-315320bed9c1,inthedock.channel,available,16.48,,50,1,11,namecheap,,
162ebe8f-768a-4b0a-85fb-140ce0ed498b,hypocritically.channel,available,16.48,,38,1,14,namecheap,,
163a9c0f-5f36-462a-91f8-400d6c2a720b,letterbox.channel,available,16.48,,73,13,10,namecheap,,
163cacd1-5757-48c2-b245-eeca624a5620,commonsalt.channel,available,16.48,,72,1,11,namecheap,,
1641907c-11d6-42e3-a79d-a1f4cfe00807,towards.channel,available,16.48,,70,7,7,namecheap,,
16516bd1-1bfe-41b7-bbdd-c3e13b513559,sneezed.channel,available,16.48,,47,2,7,namecheap,,
1672463a-551a-4ba5-b346-50154d484858,managed.channel,premium,311.25,,58,20,7,name.com,,
16744ec8-5b4b-43d4-81e9-3fcc8f007b75,blackcomedy.channel,available,19.99,,80,13,12,name.com,,
168fffd3-ae33-4a7a-a433-7c2ebcc4c949,picks.channel,premium,36.25,,52,19,5,name.com,,
1698b4ed-998c-4686-93e0-1ab7b7305a4e,pomegranates.channel,available,16.48,,60,4,12,namecheap,,
169d7367-515e-4529-828e-e977a7f6a9c3,terrifies.channel,available,16.48,,39,1,9,namecheap,,
169ddce8-beaf-4636-a06c-37111139fe8d,businessstudies.channel,available,16.48,,70,2,16,namecheap,,
16c5615f-47d3-4e0c-9e0a-f096ea3cf92a,Lions.channel,premium,82.6,82.6,72,22,5,namecheap,,
16c5a1bc-7757-454b-a1dd-80a644e5c3c8,estateinland.channel,available,16.48,,60,1,14,namecheap,,
16ce9d87-b05f-49e4-bbbc-fd2b99bca00f,Onions.channel,available,16.48,,69,9,6,namecheap,,
16f1c083-29e0-411d-b3f5-875c1e503ca3,olives.channel,available,16.48,,56,11,6,namecheap,,
16f33921-9d51-444b-b0b1-7991e71d8050,Iswear.channel,available,16.48,,58,2,7,namecheap,,
1706a5d2-4191-4ede-8622-26b655f022a9,mistakenidentity.channel,available,16.48,,52,2,17,namecheap,,
172a3c8e-caf2-492a-a7e1-fcc856f6c590,godeep.channel,available,16.48,,74,7,7,namecheap,,
174aed15-171f-4e8b-9fb5-adc9e6e61ecf,populations.channel,available,16.48,,50,4,11,namecheap,,
17a20d7e-a9f8-45f0-8e42-78739c5b9b27,jetace.channel,available,16.48,,62,1,7,namecheap,,
17ad257f-1393-4554-84a3-91108f33c413,turds.channel,available,16.48,,38,3,5,namecheap,,
17c82c62-7518-4e0f-90ef-c12ceec825f5,letterofrecall.channel,available,16.48,,63,0,16,namecheap,,
17c9e303-96b5-4402-9c47-577c08fbc51e,gosing.channel,available,16.48,,70,3,7,namecheap,,
17cef434-cfc5-44a0-ab59-dac78720e779,hookupwith.channel,available,16.48,,56,1,12,namecheap,,
17d4a92d-6784-4dbd-ab89-58c25418e32e,youall.channel,available,16.48,,64,3,7,namecheap,,
17fba0cd-f9e0-4b56-bce9-4ecaf9ebfc43,verbs.channel,available,16.48,,48,9,5,namecheap,,
1810f2ab-4f37-408b-a3b4-d24ec5946041,breastfeed.channel,available,16.48,,76,3,11,namecheap,,
18176bc7-884b-4849-9119-687e1e8c2e48,gummybear.channel,available,16.48,,89,7,10,namecheap,,
181af19b-1132-4ea6-a6dd-549e0958f96d,seems.channel,available,16.48,,58,8,5,namecheap,,
182863dd-1586-4744-9e88-d81c311c3174,WestVirginia.channel,available,16.48,,52,20,13,namecheap,,
18333121-8452-4aa6-8f96-cc5a1b5ce6ba,goeasy.channel,available,16.48,,76,11,7,namecheap,,
1837e25b-6063-4ec6-8f2e-e050055c1fa5,manysortedlogic.channel,available,16.48,,64,1,17,namecheap,,
184b9624-4a08-4f40-9bbe-8bd5f65a10d7,filed.channel,available,16.48,,48,7,5,namecheap,,
18583f33-3a62-4ece-a311-d7fc17368393,chickenliver.channel,available,16.48,,64,1,13,namecheap,,
185eab9a-6f88-405d-ae50-7e5f65fc97cb,Streets.channel,premium,82.6,82.6,70,16,7,namecheap,,
18649afb-9902-4172-98ea-1a45676de5a1,hardluck.channel,available,16.48,,64,3,9,namecheap,,
1869e970-ef33-4b82-8538-7b24f1c2c335,wasnt.channel,available,16.48,,62,2,5,namecheap,,
18718565-c381-48c2-be1d-70ec35b5c6a1,DJI.channel,premium,180.6,180.6,72,21,3,namecheap,,
187d17ac-863a-4586-950b-6f195da66eda,riverotter.channel,available,16.48,,76,2,11,namecheap,,
1896ca0a-bda8-4f67-84ae-ea0a52a402ad,motorsport.channel,available,16.48,,74,23,10,namecheap,,
189e7ebf-e1f2-41e8-a7bc-4aff9fdf1c5d,Friends.channel,premium,698.6,698.6,82,37,7,namecheap,,
18a66e36-8329-4de7-9d08-d0de168976d0,redplanet.channel,available,16.48,,74,19,10,namecheap,,
18aa73b8-6762-40dc-b9be-0a5d2c95a498,facilities.channel,premium,36.25,,77,10,10,name.com,,
18c9fc94-cef2-4a94-8115-28299b332839,getaways.channel,available,16.48,,50,9,8,namecheap,,
18ca2107-28aa-4305-9d0f-cb39682d162e,dogsit.channel,available,16.48,,96,2,6,namecheap,,
18e0c377-edc8-414a-8efc-2aab307b3579,textmessaging.channel,available,16.48,,66,2,14,namecheap,,
18f021d9-6753-4a0d-bb41-6e7d876fafda,getoutside.channel,available,16.48,,79,6,11,namecheap,,
18f1ed47-4556-4e2a-8c6a-45c1c5d2d134,notime.channel,available,16.48,,64,10,7,namecheap,,
190a46a5-b383-4ae8-87cd-1cd84bc162bc,havetherunof.channel,available,16.48,,60,1,15,namecheap,,
19172fd8-a373-49bb-b2a4-4a4c89d390c5,disorganised.channel,available,16.48,,58,1,12,namecheap,,
191ccba7-d487-400e-88d9-5589ef861cab,lunchware.channel,available,16.48,,78,1,9,namecheap,,
19252327-fb88-4837-85ca-47f43a24a2af,incompatible.channel,available,16.48,,64,3,12,namecheap,,
19337052-ce00-4d87-97b5-cf42136bda55,Iwish.channel,premium,82.6,82.6,58,12,6,namecheap,,
194a59c3-5f69-441e-a3d9-83330b4eedec,Goodwin.channel,premium,40.6,40.6,66,20,7,namecheap,,
194d77d6-390c-4105-9fb1-4ae21a40b0fd,postbox.channel,available,16.48,,72,17,8,namecheap,,
195a0648-5156-4018-a71b-5cc4a235610e,facilitation.channel,available,16.48,,74,12,12,namecheap,,
195ab0c2-e89c-463f-81eb-3b383e3f42b3,WonderWoman.channel,premium,82.6,82.6,92,10,12,namecheap,,
1968d69c-aacd-4c29-b254-a715c0456747,inthelimit.channel,available,16.48,,50,1,12,namecheap,,
196fc3aa-bb39-4495-96fd-238bf72d9484,finalsalary.channel,available,16.48,,66,1,12,namecheap,,
1994d2d6-53df-40c5-80a7-194a2a8b8304,childmolestation.channel,available,16.48,,48,7,17,namecheap,,
19abbbd7-0133-4f1c-b7c2-40ee156271fd,complacently.channel,available,16.48,,54,1,12,namecheap,,
19aca648-2fcb-4e22-9a44-6a8ed7ae3780,cables.channel,premium,161.25,,54,11,6,name.com,,
19bf9ad0-5c8b-4bad-ac1a-a73aff01a78a,springfor.channel,available,16.48,,72,0,10,namecheap,,
19d2d498-e023-4fe1-a765-50d5cf345265,fanmail.channel,available,16.48,,74,7,8,namecheap,,
19da0eb4-c466-4da7-a37d-62b52312e4fc,fillaway.channel,available,16.48,,70,1,9,namecheap,,
19db43df-b3e0-459c-84bd-a4376ed29cf2,inblossom.channel,available,16.48,,56,1,10,namecheap,,
19e7a7fc-4e0d-4281-b5f7-f355e3d6c76b,carryoff.channel,available,16.48,,70,0,9,namecheap,,
19f0bfe9-c13d-4298-bb82-24cf1cd258c2,whereabouts.channel,available,16.48,,62,8,11,namecheap,,
1a016b24-8df2-4a17-94d7-2ca629eb3321,letterart.channel,available,16.48,,74,2,10,namecheap,,
1a2c0941-df02-4090-ad58-12990698cce5,Frenchfried.channel,available,16.48,,70,2,12,namecheap,,
1a2d8f3c-fa90-4d32-a3ed-6d7c0f40c822,makeit.channel,premium,311.25,,82,22,7,name.com,,
1a40c4b9-7915-4470-9fd3-d13495f01808,flashdoor.channel,available,16.48,,50,0,10,namecheap,,
1a453c1b-afce-48d2-889f-529d5e307f79,getrid.channel,available,16.48,,56,3,7,namecheap,,
1a477324-e300-4eb4-9a90-43e72d05f61c,fittogether.channel,available,16.48,,80,4,12,namecheap,,
1a49e6fb-08b6-47ec-8ec9-a6ed5c25aa53,clipthechurch.channel,available,16.48,,68,11,15,namecheap,,
1a4da817-6eff-47a6-ae9a-db8d476158bc,yellowcake.channel,available,16.48,,68,13,11,namecheap,,
1a5e3c6c-1d61-4074-99ba-9f167621c87b,grandparents.channel,available,16.48,,68,5,12,namecheap,,
1a637020-27de-4f16-b0df-0b990eba1d28,learnt.channel,available,16.48,,56,10,6,namecheap,,
1a666356-2c63-4d37-bba4-c41181ef2153,makesure.channel,available,16.48,,82,9,9,namecheap,,
1a6c0681-088e-4100-b694-90c33313cb50,walked.channel,available,16.48,,60,5,6,namecheap,,
1a6daa0b-c08e-4a7c-84ca-30d724b83e61,showin.channel,available,16.48,,72,4,7,namecheap,,
1a841243-149a-47ba-a4c7-b478eb55267d,Lordknows.channel,available,16.48,,66,2,10,namecheap,,
1a8434f1-778a-486d-aa36-f1f4910c321a,manya.channel,available,16.48,,54,8,6,namecheap,,
1a8495fc-8790-4c31-8cbc-98e6b0b4e908,newatheism.channel,available,16.48,,68,1,11,namecheap,,
1aba7c1a-868a-404b-aae9-36dcf3deb6f0,arriveat.channel,available,16.48,,70,1,9,namecheap,,
1aceced6-21da-4240-a824-cdba2a5f1c1f,howlong.channel,premium,36.25,,58,9,8,name.com,,
1ad190b8-c564-4b34-9288-e40705f9ef61,blocks.channel,premium,161.25,,53,29,6,name.com,,
1ad457ae-ea51-48ff-9311-dff1dd318d42,muhfuggah.channel,available,16.48,,66,1,9,namecheap,,
1af206f1-489a-4bf9-a999-170dfad4cf6f,hears.channel,available,16.48,,48,4,5,namecheap,,
1af6a2c0-5eb8-479c-b50d-2a42a14ef0cb,tokens.channel,premium,73.75,,51,36,6,name.com,,
1b01ebb9-08f0-4930-828c-31b6f2c07995,chickpeas.channel,available,16.48,,62,3,9,namecheap,,
1b116169-9080-4120-b30b-c1a6fa8e3668,subjectmatter.channel,available,16.48,,64,9,14,namecheap,,
1b23aa62-1ae1-4fd5-89c4-5082feae9843,unhappiness.channel,available,16.48,,55,8,11,namecheap,,
1b2f06fd-9401-4bc9-b2ed-34255590134a,phases.channel,available,16.48,,54,10,6,namecheap,,
1b4066ce-6fab-49ac-a151-76bb51bb3eb5,worked.channel,available,16.48,,70,16,6,namecheap,,
1b5df5d5-1e06-4b9e-9cc3-15b9e24f9abc,lookupanddown.channel,available,16.48,,50,2,16,namecheap,,
1b5fe229-7148-4fcc-8bb7-0e0a5d0190f4,asthewindblows.channel,available,16.48,,40,1,17,namecheap,,
1b74de00-81d2-4b47-bde3-0a3a30d09d6a,tornadowarning.channel,available,16.48,,58,1,15,namecheap,,
1b75af21-b8af-4406-8509-e10cbf51de66,inthegreen.channel,available,16.48,,54,12,12,namecheap,,
1b77a57f-55f7-41fc-8a3e-7b3983cfcbe9,shoppingcentre.channel,available,16.48,,66,3,15,namecheap,,
1b973a33-6c72-4fab-8585-e54bd4f94553,counseled.channel,available,16.48,,59,1,9,namecheap,,
1ba2b18a-05d6-4617-9451-db82e178a29b,haveto.channel,available,16.48,,78,3,7,namecheap,,
1bcf0508-6cca-46ca-945c-4c97a75649e3,godking.channel,available,16.48,,74,12,8,namecheap,,
1bd398d0-160c-4aac-b232-89125613f86e,demonstration.channel,available,16.48,,66,10,13,namecheap,,
1c10fcc2-a821-4028-9255-43462005e2cc,lookunderrocks.channel,available,16.48,,64,2,16,namecheap,,
1c1d3c1e-6c9a-4a78-ae20-1cfae07fb649,takeawife.channel,available,16.48,,70,2,11,namecheap,,
1c208f2e-d290-4bf5-a4c7-977fd7cac880,desktoptoy.channel,available,16.48,,50,1,11,namecheap,,
1c42f9ab-bc27-4c3e-a603-441fdf34d063,makethecut.channel,available,16.48,,78,3,12,namecheap,,
1c4cf8be-77a8-4a85-b0a4-b56bff49f7ca,inpatient.channel,available,16.48,,68,3,10,namecheap,,
1c62a616-364e-40ca-9c0a-f8cfdd798379,gaydog.channel,available,16.48,,66,3,7,namecheap,,
1c74102e-8160-4dd6-82da-38801e899b3a,givealight.channel,available,16.48,,72,10,12,namecheap,,
1c7aea9f-b32c-4ed4-a1f3-0b137213567b,corresponding.channel,available,16.48,,66,2,13,namecheap,,
1c862f7d-b72e-4272-a98c-8e2a8e6910ee,continentalshelf.channel,available,16.48,,60,3,17,namecheap,,
1c8e985b-ddfe-4f69-8faf-3c724f116bd7,copypronoun.channel,available,16.48,,76,0,12,namecheap,,
1c9b773f-b01d-438b-8f70-28062f7cc67f,units.channel,premium,161.25,,56,16,5,name.com,,
1ca25a60-83b1-40e9-b55d-b7bb255464ab,filein.channel,available,16.48,,68,2,7,namecheap,,
1cb63d2d-1f4d-4cfa-b71f-ec00921e1d69,crows.channel,available,16.48,,68,12,5,namecheap,,
1cba353d-a26a-475a-8701-36c0ab00b0ec,goodbet.channel,available,16.48,,74,9,8,namecheap,,
1cc65bc0-bd0e-4617-a776-ddf4ef0c48b0,booklist.channel,available,16.48,,74,5,8,namecheap,,
1cc73e51-8f85-49d2-a62c-6f3f77d02e65,justices.channel,available,16.48,,52,6,8,namecheap,,
1ccc7956-92f8-4d3b-aeb9-10e11806d10f,roastpork.channel,available,16.48,,76,1,10,namecheap,,
1cccdec9-c4f2-450a-ba42-fd6d64303cfa,oars.channel,available,16.48,,56,6,4,namecheap,,
1cd2fb0c-021d-47a5-8f48-539de567ba89,backbreaking.channel,available,16.48,,54,1,13,namecheap,,
1ce62fd1-7b75-48be-8171-86c2d9a25eed,instyle.channel,premium,73.75,,78,12,8,name.com,,
1cf50e29-f7ee-47c3-bf7b-91f6c774ad5d,stitches.channel,available,16.48,,46,10,8,namecheap,,
1cf6e249-3d2f-4088-8a9d-b06d2df0cdc2,cloves.channel,available,16.48,,60,5,6,namecheap,,
1cfda590-0e25-4c00-ae4e-22dae0523e4f,flipflops.channel,available,16.48,,52,5,10,namecheap,,
1d1b5c11-f966-4563-ae73-bdb3a7073d57,havetime.channel,available,16.48,,76,2,9,namecheap,,
1d233339-4546-4671-a26a-9153ea57b9ab,WorldWideWeb.channel,premium,82.6,82.6,64,18,14,namecheap,,
1d25b472-0631-475e-81ba-29d6af3f7cc8,facts.channel,premium,311.25,,88,24,5,name.com,,
1d2b3059-f842-4a22-875e-9a2e641966b1,SouthTyrol.channel,available,16.48,,66,6,11,namecheap,,
1d2fa811-c72a-4b3e-9840-23244b754470,costofgoodssold.channel,available,16.48,,62,1,18,namecheap,,
1d3f27e9-70be-49a8-8e5f-48ab828359ce,tostartwith.channel,available,16.48,,52,1,13,namecheap,,
1d5d6d13-b738-4ca8-bbcc-742a0a157463,praises.channel,available,16.48,,56,3,7,namecheap,,
1d858ab9-b757-4e11-8c6f-946497e3668e,gowithout.channel,available,16.48,,75,1,10,namecheap,,
1d9d9671-6a4b-4d5a-a947-84164fbeb1e8,coffeegrinder.channel,available,16.48,,75,2,14,namecheap,,
1da226cb-a98b-491b-9c42-89e26ef1a1e8,scanners.channel,available,16.48,,53,7,8,namecheap,,
1dae1a26-3cb6-43c7-9dd6-b66f28a08da8,slobabout.channel,available,16.48,,60,1,10,namecheap,,
1db98f3f-b211-47be-908c-5dd8dc0d6a2c,tobetruthful.channel,available,16.48,,46,1,14,namecheap,,
1de2a7d0-2557-4219-8a4e-806a53153041,justthesame.channel,available,16.48,,46,1,13,namecheap,,
1de6857b-f45d-447b-af55-a82060c36e7f,expires.channel,available,16.48,,50,4,7,namecheap,,
1ded7d46-2af2-49e5-a516-63d9dbac6fef,leaveofabsence.channel,available,16.48,,66,1,16,namecheap,,
1defdbe7-ee4f-40b2-a81c-893163434fcd,turndown.channel,available,16.48,,74,4,9,namecheap,,
1e0ab340-35cb-4167-a370-9b067f9a670f,lightuparoom.channel,available,16.48,,80,5,15,namecheap,,
1e0b3b3c-c98a-455d-98dc-3c9c2a8c52ac,roofs.channel,available,16.48,,50,11,5,namecheap,,
1e14945a-5d24-43a0-bca2-3ff214de3f0d,informative.channel,available,16.48,,74,8,11,namecheap,,
1e26c024-2261-480a-8ff2-11d5812a903c,highdefinition.channel,available,16.48,,68,4,15,namecheap,,
1e2bfded-97ff-4631-8139-b7104ceb9983,girls.channel,premium,623.75,,83,23,5,name.com,,
1e307b24-5aa5-47ef-94cd-7b3a07c9eb95,knowsomeone.channel,available,16.48,,72,8,12,namecheap,,
1e3d8b69-c0bf-449b-8e05-f67b932ba6bd,teenage.channel,premium,161.25,,72,23,8,name.com,,
1e5a2920-fa2e-4c7d-a6e3-c932846f1399,turnahair.channel,available,16.48,,69,3,11,namecheap,,
1e60a02d-877c-49e0-87e3-1c503ca6b7f3,trees.channel,premium,161.25,,58,26,5,name.com,,
1e638c0b-2f7a-4fd9-b7ad-2ce66684178c,holidays.channel,premium,311.25,,78,23,8,name.com,,
1e6a0b84-2045-4e7b-afdb-f990ca0e0e61,hardfeelings.channel,available,16.48,,58,4,13,namecheap,,
1e8b3088-2e7b-4430-a8a6-aa25ab08838e,cups.channel,premium,73.75,,60,12,4,name.com,,
1ec2e5b6-d512-41be-96fe-76a92da35a96,including.channel,premium,36.25,,60,5,9,name.com,,
1eda460a-a023-4074-9e51-f84f4a1870e2,spheres.channel,available,16.48,,50,10,7,namecheap,,
1edf767a-437c-432e-822e-f0022e6ae81d,costbenefit.channel,available,16.48,,52,3,12,namecheap,,
1ef9a323-3abb-46d7-9cb5-6d5b6fd2cabc,propagated.channel,available,16.48,,54,1,10,namecheap,,
1efa375b-d509-4721-a1fb-0e695cebff29,snapping.channel,available,16.48,,70,4,8,namecheap,,
1f09c794-5611-4c38-8134-719f6ed66544,TempleCity.channel,available,16.48,,67,4,11,namecheap,,
1f0a96cc-c82d-4d8c-8f74-39842b626827,givingbirth.channel,available,16.48,,89,2,12,namecheap,,
1f0ed193-8491-45f2-9be8-2422fa2432a8,shall.channel,premium,36.25,,76,16,5,name.com,,
1f0ed2a3-fa8b-4311-aac5-50b9f00d59ac,valueable.channel,available,16.48,,78,3,9,namecheap,,
1f1d321b-9ad7-489e-98f9-2a97c6c6b379,whitepepper.channel,available,16.48,,70,11,12,namecheap,,
1f1f07a0-7332-48c0-8991-3603e6a08db3,getonwith.channel,available,16.48,,79,1,11,namecheap,,
1f21e547-2d39-4af5-a8f0-6587d817a335,prettier.channel,available,16.48,,62,5,8,namecheap,,
1f37f581-7265-411c-a7f1-9eda3b20f5e0,coffeesenna.channel,available,16.48,,80,1,12,namecheap,,
1f3e58d9-f1cd-4b96-a2df-c330b5b622cd,keepback.channel,available,16.48,,70,2,9,namecheap,,
1f422f39-9f4a-4934-8e38-b254537415ce,fights.channel,available,16.48,,55,9,6,namecheap,,
1f65b9b7-1c2d-46b3-a03b-e09f38904889,unstoppable.channel,available,16.48,,82,22,11,namecheap,,
1f6956c6-394d-4e7d-b663-e17b101317c4,pulled.channel,available,16.48,,72,7,6,namecheap,,
1f774182-e660-441b-986b-8c6ad95ef6d6,quarterof.channel,available,16.48,,61,0,10,namecheap,,
1f84c53a-55e5-46e3-9da4-26a0fd396ed2,Alexis.channel,premium,73.75,,72,21,6,name.com,,
1f8d21c8-58a0-4e6c-a0d9-2ed2edf3a5f3,howgoesit.channel,available,16.48,,58,5,11,namecheap,,
1fa65c0b-e3c0-4051-8b84-b6d7eb3c66a9,settlefor.channel,available,16.48,,76,0,10,namecheap,,
1fd56417-c207-4fce-bcce-15f9b7989ccc,midbreakfast.channel,available,16.48,,70,1,12,namecheap,,
1fd6ea6e-36a1-4659-9f42-997b4ea5e0eb,discriminating.channel,available,16.48,,58,1,14,namecheap,,
1fdf7706-1f07-403d-95e3-b9b69a1f91b4,streetnumber.channel,available,16.48,,62,1,13,namecheap,,
1ff2f7ec-f5d1-4865-bacd-c218d13172d5,radioactivity.channel,available,16.48,,56,4,13,namecheap,,
201ae59c-65e0-4fd9-9247-cb653de36b84,cheeseontoast.channel,available,16.48,,64,1,15,namecheap,,
204b41d7-e2b1-4df1-8fc0-49f1d5623510,havetheblues.channel,available,16.48,,58,1,14,namecheap,,
20526cef-6015-416b-b6a7-5840815275b4,coffeeaulait.channel,available,16.48,,72,1,14,namecheap,,
206c20d1-8419-4461-9609-b3d24f3b84cf,slideshow.channel,available,16.48,,72,8,10,namecheap,,
2093a9d1-78fa-4949-8baf-9b15449b44f5,started.channel,premium,36.25,,60,11,7,name.com,,
20be413a-aa7c-4b6f-8dfc-940bc7a288dd,templates.channel,premium,311.25,,54,17,9,name.com,,
20ce52a3-1f04-4dfe-b01c-2e05606669c7,says.channel,premium,161.25,,58,10,4,name.com,,
20fa6f40-408e-43c2-9e5f-6f5f98902f91,forestfire.channel,available,16.48,,62,5,11,namecheap,,
21067d79-72ef-42cd-b6b6-c159930f7126,shops.channel,premium,623.75,,64,24,5,name.com,,
2106db71-c0f8-4cd6-b229-1af5c93ad7ff,whitemeat.channel,available,16.48,,72,2,10,namecheap,,
2110f46d-6eaa-4ed6-a624-4a5255068167,keepfit.channel,available,16.48,,86,9,8,namecheap,,
2115079b-6fea-423d-9525-491f703db958,getwise.channel,available,16.48,,77,6,8,namecheap,,
211b93ff-8c9a-4814-b4e1-9ba8560d9fcd,howtheturntables.channel,available,16.48,,44,5,18,namecheap,,
21259159-fe40-4528-a429-414e557ac690,Shakira.channel,premium,40.6,40.6,76,9,7,namecheap,,
213412f9-1f1c-4699-9422-01341012497b,whitesatin.channel,available,16.48,,74,11,11,namecheap,,
21394b38-e4e6-49da-bd70-58baa2dd8654,introductions.channel,available,16.48,,56,4,13,namecheap,,
214ab867-7c36-4b52-9144-490ddcec75de,flaxseed.channel,available,16.48,,80,4,9,namecheap,,
2158f992-f87f-4836-acdf-099d9a28323e,cattax.channel,available,16.48,,68,2,7,namecheap,,
2170bb01-a772-49a9-a608-0a9afaa01d4d,gotothebathroom.channel,available,16.48,,56,6,18,namecheap,,
2184d83e-60b1-41cf-a649-96f7825940d4,inspiration.channel,premium,311.25,,88,30,11,name.com,,
218810b5-a8ec-439d-a944-e346804626b1,hecksno.channel,available,16.48,,72,0,8,namecheap,,
21a2771d-10a4-44de-8b1e-01519934acf3,killed.channel,available,16.48,,56,5,6,namecheap,,
21a5b858-af65-47a8-8c6d-76655ca65fef,fractions.channel,available,16.48,,52,7,9,namecheap,,
21be5768-a7e8-4a09-8351-bb7cedb27e7f,ohmyfuck.channel,available,16.48,,68,1,10,namecheap,,
21e9df20-baae-4815-9bfc-0e5fd686423e,redvelvet.channel,available,16.48,,80,17,10,namecheap,,
21eae9f5-5281-4c53-a941-3d4a742daa81,floods.channel,available,16.48,,38,6,6,namecheap,,
21f63c2a-8484-4cd1-a017-c6d89500aab2,infrared.channel,premium,36.25,,66,25,9,name.com,,
221546d6-44c2-4aa2-ab29-174c3521d296,hightechnology.channel,available,16.48,,73,3,15,namecheap,,
223da930-1e8b-4c5f-ac6c-6df11d317065,getmoving.channel,available,16.48,,84,7,10,namecheap,,
22443fb4-a320-405f-8177-9f8e698d82f3,motorracing.channel,available,16.48,,74,4,12,namecheap,,
22456a07-c3c0-415d-ac74-0b4995b4a85b,tentbed.channel,available,16.48,,76,1,8,namecheap,,
224a5674-b114-4c78-923f-9340dccf703d,Ineedtovomit.channel,available,16.48,,50,1,15,namecheap,,
2254faa0-908f-4f35-8638-32647ead7926,giveblood.channel,available,16.48,,76,4,10,namecheap,,
2258610e-e6c3-404c-8487-a17cf14ffc1c,coffeedout.channel,available,16.48,,76,1,11,namecheap,,
2259e848-0916-4490-a4ee-d08a4c3a8ada,nowthat.channel,available,19.99,,58,1,8,name.com,,
2264f65d-0596-4640-b1d5-8f1a4ee59688,comethrough.channel,available,16.48,,78,1,12,namecheap,,
22680400-af4d-4b8c-82a8-a057340954c8,getthememo.channel,available,16.48,,74,1,12,namecheap,,
228fdf5f-703e-43c5-83f5-06242b668828,webmasters.channel,available,16.48,,52,12,10,namecheap,,
22a4590f-9106-4195-91ae-4eafcb744df9,smiled.channel,available,16.48,,66,5,6,namecheap,,
22afea3e-d51a-434c-9fb2-db4764ef92fc,myson.channel,available,16.48,,80,5,6,namecheap,,
22c5bf21-5c24-4835-b752-20f985305b67,carrying.channel,available,16.48,,74,3,8,namecheap,,
22da04b8-bf2d-471b-ace6-b69cd140000d,takeastand.channel,available,16.48,,74,3,12,namecheap,,
22de52a1-fcd0-4bb9-8d9d-75c9297126bd,waited.channel,available,16.48,,58,3,6,namecheap,,
22e98a1e-35ea-4677-a046-5145c8b670b4,snuck.channel,available,16.48,,46,3,5,namecheap,,
23062514-b58f-4a35-9c9c-879e449ecfea,highspirits.channel,available,16.48,,76,8,12,namecheap,,
231190aa-a774-4db5-9cd8-a912d77ad9bc,ohreally.channel,available,16.48,,64,3,9,namecheap,,
23386d4c-3b87-4554-b895-c37cebc50280,boxes.channel,premium,161.25,,50,16,5,name.com,,
234eda45-ce21-4e92-ab99-3d4c2b970f60,havetheheart.channel,available,16.48,,66,1,14,namecheap,,
2358de3e-532c-43ab-8807-acc1d331ddbc,intercultural.channel,available,16.48,,68,7,13,namecheap,,
2359f73f-3a82-4b66-96ae-c73e69165b76,havemoneytoburn.channel,available,16.48,,46,1,18,namecheap,,
236d828d-c313-46ae-b8ac-972f9e418a8e,CountyofMitchell.channel,available,16.48,,42,0,18,namecheap,,
23722699-da51-48b9-ad25-cf725b7a04a6,paintpot.channel,available,16.48,,72,2,9,namecheap,,
2377bccb-cc02-4e5e-b6b1-6c577d68fdec,fellowtravel.channel,available,16.48,,64,5,13,namecheap,,
238055c9-a224-4fb1-a7bf-c46608b516e6,uploadability.channel,available,16.48,,60,1,13,namecheap,,
23937584-9207-482b-8257-76516edf56b8,takes.channel,premium,161.25,,55,10,5,name.com,,
23990afe-ae76-4e33-9518-54db51149a64,ebooks.channel,premium,311.25,,62,19,6,name.com,,
23a107b4-3a60-4858-904d-da02754aff1f,commonpurposes.channel,available,16.48,,48,2,15,namecheap,,
23c2fe59-af09-4159-960c-16610fc23c12,pictorials.channel,available,16.48,,56,2,10,namecheap,,
23c9cf9d-4459-4160-8988-45a265c2565c,Iwillyeah.channel,available,16.48,,58,7,11,namecheap,,
23cae809-ae29-4400-bb00-d1b1654e5608,granting.channel,available,16.48,,76,3,8,namecheap,,
23d93cf8-fb1e-4c98-8406-3b2a6b2ff376,oldest.channel,available,16.48,,72,4,6,namecheap,,
23efc06b-3594-4114-bf40-4161206acd2f,manytimes.channel,available,16.48,,62,2,10,namecheap,,
23f6c3d1-4d72-426f-9f06-415022fe8e9e,waxpaper.channel,available,16.48,,66,2,9,namecheap,,
24065e59-9635-48f8-b1ed-539226bb2b9d,nailed.channel,available,16.48,,58,6,6,namecheap,,
24244bd2-4806-485c-bad4-8dab6fe66121,springsnow.channel,available,16.48,,54,2,11,namecheap,,
242893e3-a920-419f-b834-c34b04ba87fe,workingorder.channel,available,16.48,,64,1,13,namecheap,,
2428f280-7281-4d51-8b02-97507df423bc,drying.channel,available,16.48,,68,6,6,namecheap,,
2458dda5-9a86-4b16-b58b-a70320b62df8,saddening.channel,available,16.48,,60,1,9,namecheap,,
2468cc9d-cc06-426a-8d0e-e1bd9f9f6118,Spartacus.channel,available,16.48,,72,11,9,namecheap,,
246a91ba-0d12-46bf-a24e-8833761e97e9,quieter.channel,available,16.48,,70,3,7,namecheap,,
246aa0d5-2085-40d2-909d-2eb17386e759,takeaknee.channel,available,16.48,,69,2,11,namecheap,,
249d4b2b-18f1-4d19-a3db-55f1f24e28d2,eyecatching.channel,available,16.48,,76,4,12,namecheap,,
24a77496-687d-4be3-a73d-9fa612ceb4ca,todolist.channel,available,16.48,,73,12,10,namecheap,,
24b21a27-42d4-4c47-9355-b454d55627b9,refusing.channel,available,16.48,,40,3,8,namecheap,,
24c20162-9536-4aad-bea9-b7428f4a7bec,generalpractice.channel,available,16.48,,68,4,16,namecheap,,
24e7f447-3fc4-449f-a5fa-f398647f269b,someoneelse.channel,available,16.48,,54,3,12,namecheap,,
24f0ef8c-ebd9-42f7-9cde-afde76e10fa6,researchers.channel,available,16.48,,50,8,11,namecheap,,
24fc6635-aa3c-4839-bffb-86c11ac59dcf,gotto.channel,available,16.48,,54,6,6,namecheap,,
252595db-c48c-421e-8087-157d579c4125,spellingword.channel,available,16.48,,60,0,13,namecheap,,
2528ef45-4f99-482c-aaf8-3da757340f0d,temporarily.channel,available,16.48,,62,4,11,namecheap,,
252bd114-bf37-447d-88a1-bb95175b0569,gobad.channel,available,16.48,,70,4,6,namecheap,,
25363e91-3a1f-489f-891f-862e4e3eb64e,coverart.channel,available,16.48,,78,9,9,namecheap,,
25381ade-97d0-4611-ad19-0deb815ff9fb,fruitjuice.channel,available,16.48,,80,3,11,namecheap,,
25720e5e-aee5-432f-bcd7-a4e7c4239b12,quotes.channel,premium,623.75,,58,29,6,name.com,,
25839a6a-33af-4735-964d-ca9492acb6e8,medicalreport.channel,available,16.48,,60,2,14,namecheap,,
259aa51c-49f7-4504-a80c-ff740938233e,potatochips.channel,available,16.48,,54,5,12,namecheap,,
259f1b9f-becb-46e3-8257-f78bb6709500,anybudy.channel,available,16.48,,62,1,7,namecheap,,
25a1b815-1882-4355-b9e6-a15cc6271529,baconexplosion.channel,available,16.48,,72,1,15,namecheap,,
25c0e28b-1b27-44cf-b3e1-7764cf92d2c7,texts.channel,premium,73.75,,52,13,5,name.com,,
25c14b93-5e00-4c66-9d05-28f3206162ee,teaspoonful.channel,available,16.48,,66,1,11,namecheap,,
25c5068d-2fde-4baa-88a6-151853e663f6,YubaCity.channel,available,16.48,,69,4,9,namecheap,,
25e474e1-f208-4c5b-94c4-bf8d65daec1b,mydearfellow.channel,available,16.48,,49,5,14,namecheap,,
25e829fa-a38d-404a-a81c-98b90ec5c111,zipfile.channel,available,16.48,,72,3,8,namecheap,,
25ec0125-8c03-415d-9f01-c5f9a5b4ca01,recommendation.channel,available,16.48,,66,8,14,namecheap,,
26249187-91f6-4a51-8714-3f987000acc9,dogsbodies.channel,available,16.48,,76,1,10,namecheap,,
26258baa-3c85-4bef-b7cb-bfba78d5cbdc,events.channel,premium,623.75,,68,37,6,name.com,,
26276c0b-b8c7-4734-9b1f-535ad6df5ed8,rubberbands.channel,available,16.48,,50,3,12,namecheap,,
263728f9-6c7e-4752-8473-97d9bb235189,getwiththeprogram.channel,available,16.48,,69,2,20,namecheap,,
2646c2d3-657a-4e0f-a15e-32aa904de6c9,stormed.channel,available,16.48,,50,3,7,namecheap,,
264bf0c4-3841-4520-ad6c-9e223fb1b547,occurring.channel,available,16.48,,70,2,9,namecheap,,
264cf4fc-7229-4900-a8dc-ef1b2f80926a,dads.channel,premium,36.25,,60,17,4,name.com,,
264f4d97-d6e3-4dc3-8776-a05e98779113,keepout.channel,available,16.48,,70,3,8,namecheap,,
2652966b-0775-41a6-a80b-af48fd6f6139,advertisement.channel,premium,36.25,,72,13,13,name.com,,
2654ad10-78a7-4ed9-9bfd-642f4e33c887,Canadas.channel,available,16.48,,52,7,7,namecheap,,
2661775c-8cce-4bb9-bc66-81bc1b267e58,information.channel,premium,623.75,,88,26,11,name.com,,
2683385c-f65b-4dcf-9b3d-a217d7358091,pizzajoint.channel,available,16.48,,56,2,11,namecheap,,
26873ff4-3118-4f7d-937d-f1565f58f294,neighboring.channel,available,16.48,,67,5,11,namecheap,,
268e53a0-713c-481b-822b-68c1b03b6e51,generalpopulation.channel,available,19.99,,64,2,18,name.com,,
26970b97-36da-4bee-b7db-cfd08f31167b,coffeecupful.channel,available,16.48,,80,1,12,namecheap,,
26a4b066-b133-459a-b815-4667da6b39d5,truer.channel,available,16.48,,57,8,5,namecheap,,
26a5c125-270a-41c6-8000-39ef7f6915d8,susceptible.channel,available,16.48,,64,1,11,namecheap,,
26a7e622-f741-4b17-b854-c458edf4c917,counselling.channel,premium,36.25,,82,13,11,name.com,,
26a8a5a8-acb2-4b19-af05-137cfbaabf20,hangonto.channel,available,16.48,,70,1,9,namecheap,,
26b02cea-ad4e-4dff-8c5b-fb911e814c9e,partners.channel,premium,311.25,,61,32,8,name.com,,
26ceaa2f-b61f-49b1-80c8-e70fd911fee3,clipthewingsof.channel,available,16.48,,68,5,17,namecheap,,
26e46466-b80e-465b-892c-7eaba89bccc3,trousers.channel,premium,36.25,,70,9,8,name.com,,
26ee25af-1b4a-4e58-a86f-f260b7134eba,motherfuckah.channel,available,16.48,,66,1,12,namecheap,,
271f3d7e-d56a-4e89-adfd-10d2db21c2f3,speaks.channel,available,16.48,,51,9,6,namecheap,,
27202f46-fffb-4f95-8360-7c250f811674,deepfried.channel,available,16.48,,74,6,10,namecheap,,
272eaa7d-b8a3-4eb7-ad63-abc32d0eca13,childdevelopment.channel,available,16.48,,48,4,17,namecheap,,
2739312e-881d-4724-ac36-d421e1d83abf,youknowwhat.channel,available,16.48,,34,8,13,namecheap,,
27496daa-bd0f-4b94-956e-0343f13f2dad,Jewnose.channel,available,16.48,,66,1,8,namecheap,,
274a9d37-36e7-4b92-b64a-d624c8510293,sweeps.channel,available,16.48,,51,12,6,namecheap,,
27528a2a-4c76-4c25-be4e-0aa26019da19,alcoholfree.channel,available,16.48,,70,6,12,namecheap,,
275e3877-b38b-47c5-8fd7-980085cad881,softenup.channel,available,16.48,,68,1,9,namecheap,,
2777295b-9f98-4fab-90ff-9617d48c9a5d,alcoholaddiction.channel,available,16.48,,50,3,17,namecheap,,
279d6e02-7c4e-40c9-b83e-a5d8ad807567,snapped.channel,available,16.48,,52,6,7,namecheap,,
27a02d20-b8b1-4c49-97a6-f564bf2b32bd,hotsauce.channel,available,16.48,,76,14,9,namecheap,,
27b226a5-4f2b-4d32-8ad2-6a1673c8b0d7,update.channel,premium,623.75,,88,29,7,name.com,,
27b96f5b-ee1a-4054-81cb-3604d85a67f4,moneysupply.channel,available,16.48,,76,2,12,namecheap,,
27c39012-cf79-4f46-b02c-9c3b3af18454,letusgo.channel,available,16.48,,57,4,9,namecheap,,
27c6295d-94e5-4a8f-a6d0-abe07e5c7156,fuckster.channel,available,16.48,,66,2,8,namecheap,,
27e09c2e-3e5c-4c42-8fea-58b3cf9c42c7,goforbroke.channel,available,16.48,,72,2,12,namecheap,,
27e2ba6a-8184-4108-9d76-e72eca2b3837,trios.channel,available,16.48,,50,9,5,namecheap,,
27e7377f-375c-4feb-92f7-1719362ca45c,keepitmoving.channel,available,16.48,,68,5,14,namecheap,,
27f96477-5a8c-45f1-b05e-5cc686746ae5,sciences.channel,premium,73.75,,56,11,8,name.com,,
27fde406-a621-400d-87e3-a298f3d1fa52,commonhousefly.channel,available,16.48,,42,1,15,namecheap,,
28036a85-1008-4360-b3e8-68cf8d8a0766,howgoesthewar.channel,available,19.99,,42,1,16,name.com,,
281028da-3eb4-43d4-874e-f3686b2d61cf,particles.channel,available,16.48,,56,10,9,namecheap,,
28306f0a-c3f6-47e2-a20f-94d10bfae36c,pre.channel,premium,311.25,,64,32,3,name.com,,
28380554-f514-48a4-a6bd-bb9fb97c126e,mouthfeel.channel,available,16.48,,72,4,10,namecheap,,
284c76f7-a555-445d-bb17-c6ca85aba43d,toweloff.channel,available,16.48,,70,1,9,namecheap,,
284d4f9a-7efe-4e7c-ad19-4fa077e16b98,hangon.channel,available,16.48,,82,6,7,namecheap,,
284f4073-9a1f-449c-9818-a35ed4179035,CountyTyrone.channel,available,16.48,,42,2,13,namecheap,,
28581119-2af8-45ae-b6b7-57ea2ee84ebb,stepoff.channel,available,16.48,,68,2,8,namecheap,,
287852ba-b059-4ec6-823c-279f3a676003,breaks.channel,premium,36.25,,52,10,6,name.com,,
28855e89-184a-45db-a292-f3ef7855064d,naturalperson.channel,available,16.48,,66,3,14,namecheap,,
28867928-1c59-48f0-b00d-d2f976cea85e,Laura.channel,premium,348.6,348.6,84,28,5,namecheap,,
28a51701-050c-4d8d-a67b-430db65b3f33,letitbe.channel,available,16.48,,89,7,9,namecheap,,
28a90065-2bd9-4897-a153-b11fd16666e0,pattycase.channel,available,16.48,,68,0,10,namecheap,,
28aee83d-7d66-4929-878d-b58ccc069017,agents.channel,premium,311.25,,56,50,6,name.com,,
28b7a1a6-7e5e-423d-9e3b-53bb84d34882,RiceBubbles.channel,available,16.48,,60,1,12,namecheap,,
28e2b0fb-9b03-4303-99ab-b1a7f97358de,continentalplate.channel,available,16.48,,42,1,17,namecheap,,
28fcbb5f-f232-4f2b-959f-7070801421fa,twothumbsup.channel,available,16.48,,54,1,13,namecheap,,
290bb3a7-4fdc-41a2-9a8d-61b07121559c,our.channel,premium,623.75,,64,48,3,name.com,,
2917ee13-3c1e-4f9a-b1b9-43c17505b5cc,grandkids.channel,available,16.48,,66,3,9,namecheap,,
29362733-abc1-4c21-90a6-0e9ab165b69e,astheysay.channel,available,16.48,,48,1,11,namecheap,,
29387364-683b-48d5-b5f6-c6f7d5390e35,nonsmoking.channel,available,16.48,,68,3,11,namecheap,,
29390bdc-54ab-4cc4-a63c-5f4bcb858f14,ifallen.channel,available,16.48,,58,6,8,namecheap,,
2942f568-f69a-4411-a498-707df9a3abea,parkingspot.channel,available,16.48,,74,5,12,namecheap,,
294c4c82-8938-4edc-9782-ec8002379bfb,glances.channel,available,16.48,,52,5,7,namecheap,,
29513d53-c854-4216-b45a-92f550719543,whatittakes.channel,available,16.48,,58,9,13,namecheap,,
29514a4f-4f3e-40e7-a50f-77b5db0d8da4,seas.channel,premium,36.25,,58,13,4,name.com,,
29550307-08a3-4e62-a992-9b62be6193c4,playdate.channel,available,16.48,,84,16,9,namecheap,,
2957d5ac-75e1-4c36-ab44-857b674fa0be,letlie.channel,available,16.48,,72,1,7,namecheap,,
295a7a3f-b45b-4610-832c-53ed3eb89719,giveafig.channel,available,16.48,,70,9,10,namecheap,,
295e4a4c-31bb-474f-8914-6a933af6f709,WWWpage.channel,available,16.48,,80,1,8,namecheap,,
2972eca4-98cd-471e-bb99-55440c2ee5eb,RedNoseDay.channel,available,16.48,,61,5,12,namecheap,,
29736c32-bc45-4094-aeb5-13a1e302696a,playfield.channel,available,16.48,,80,7,9,namecheap,,
2977b2d4-df2a-488c-9f6c-b5e6e0ec0220,golong.channel,available,16.48,,74,6,7,namecheap,,
2979f0d4-9882-4650-acc0-e9cb0a1862e0,yur.channel,premium,73.75,,76,9,3,name.com,,
2996248a-8740-417d-acc9-16a2359a22ed,forests.channel,available,16.48,,60,11,7,namecheap,,
29a1816d-20e7-4818-b443-aa6be7cf1915,texting.channel,premium,36.25,,72,13,7,name.com,,
29ad4d64-b76c-4a63-a6e0-3b548b62a613,WestEnd.channel,premium,40.6,40.6,70,21,8,namecheap,,
29b120d9-00d7-46c9-b05e-b5568db8c544,citizenship.channel,available,16.48,,78,19,11,namecheap,,
29b420a2-5d51-48f0-a0c6-92c098cafd90,guards.channel,available,16.48,,76,9,6,namecheap,,
29c885ee-2d95-4ff3-913e-5eee35087a45,makenews.channel,available,16.48,,80,1,9,namecheap,,
29ce70c4-6dd8-4b6f-a7e5-636b21313f95,silverpolish.channel,available,16.48,,42,10,13,namecheap,,
29ed494d-4032-4581-90c8-fbbeecab1779,specialness.channel,available,16.48,,70,1,11,namecheap,,
29f0056e-dd79-4422-ab13-ba861587c84a,sheeyit.channel,available,16.48,,68,1,7,namecheap,,
29faf0f4-756c-442e-a1ab-895a93205765,stories.channel,premium,623.75,,58,36,7,name.com,,
29fb6237-2677-4e80-bd15-5ac09435ea27,sighed.channel,available,16.48,,56,2,6,namecheap,,
2a0f5ade-781a-4222-9846-999e10a8ec97,commented.channel,available,16.48,,48,2,9,namecheap,,
2a2e03ff-6e07-4b9d-b8d3-09230167ea86,multiplication.channel,available,16.48,,55,6,14,namecheap,,
2a4293ce-f88f-4af9-8519-09130741816c,Christmascard.channel,available,16.48,,72,4,14,namecheap,,
2a436038-0851-4441-ba1c-3fcdb1f0fd0f,yellownotice.channel,available,16.48,,60,1,13,namecheap,,
2a6408cd-bc0b-4a1e-b5d3-e1f8119e1b98,comeupto.channel,available,16.48,,72,1,10,namecheap,,
2a66b535-a203-45a9-8b25-1db02c015ce6,dogsbark.channel,available,16.48,,76,1,9,namecheap,,
2a695102-aa6f-49e0-8dea-cf212a819950,explains.channel,available,16.48,,50,4,8,namecheap,,
2a71073c-fa26-4ec8-a318-71a983636ba2,sqin.channel,available,16.48,,72,3,5,namecheap,,
2a74b799-0c7a-40d7-9cf5-c15bf417582a,greatgranddaughter.channel,available,19.99,,68,1,19,name.com,,
2a81212f-870c-45b0-b045-830d724b1085,stretches.channel,available,16.48,,50,2,9,namecheap,,
2a9058a6-a436-4556-a6f3-8f05154dff76,pete.channel,premium,73.75,,68,29,4,name.com,,
2a926d2d-79b1-4fc6-8700-0d49d2b8f62c,goamiss.channel,available,16.48,,68,0,8,namecheap,,
2a99cddc-392e-43cb-bc2a-0893cacdddc3,impractical.channel,available,16.48,,58,6,11,namecheap,,
2ab53d27-ead6-43f2-8bb4-a8cfe4321039,arrives.channel,available,16.48,,50,3,7,namecheap,,
2ac3f486-86db-4995-ad73-40f50d6d3c83,giveitarest.channel,available,16.48,,64,11,14,namecheap,,
2ac819b3-09a9-4e0a-989c-11224b57eeb6,divinejudgment.channel,available,16.48,,47,1,15,namecheap,,
2ac9474b-f3ff-4efe-b4b3-f08f2f6a503f,blewit.channel,available,16.48,,44,2,7,namecheap,,
2acafc87-865c-4571-a886-fd0620af1945,Iam.channel,premium,698.6,698.6,90,47,4,namecheap,,
2aceec1c-447a-44fa-af90-204a59c4a740,ratings.channel,premium,161.25,,53,19,7,name.com,,
2ad63fd3-1799-4390-b5c7-5cad275aa11d,charts.channel,premium,161.25,,64,18,6,name.com,,
2ae982ad-8fec-43f9-a4b3-d336c20648b1,rockmusic.channel,available,16.48,,78,8,10,namecheap,,
2afdd7ad-2b1a-4d43-b468-5cd7cd83f393,weekends.channel,available,16.48,,64,8,8,namecheap,,
2b05e599-b90f-4dd7-bf7b-f818d4af9519,asyouwish.channel,available,16.48,,80,7,11,namecheap,,
2b123c89-d0b7-4517-b559-606693ed7a72,HoChiMinhCity.channel,available,16.48,,64,7,16,namecheap,,
2b3a272f-3e9a-4eac-8f3d-d6cc44f06991,disinfection.channel,available,16.48,,74,5,12,namecheap,,
2b3abafe-5472-4e13-aa8d-b5a8807576ce,screwdrivers.channel,available,16.48,,52,4,12,namecheap,,
2b4c386b-6832-471e-ab37-902a99f58df3,WestHam.channel,available,16.48,,62,9,8,namecheap,,
2b7efb76-ff38-4d7f-b549-aefb84268223,summertire.channel,available,19.99,,80,1,11,name.com,,
2b80f878-1055-4d22-83b7-7da899bc06c4,upandabout.channel,available,16.48,,66,1,12,namecheap,,
2b84f271-63df-41cb-b5be-627bbe37f42a,turnorburn.channel,available,16.48,,56,1,12,namecheap,,
2b8757f7-3c88-4491-92aa-46e20bd25486,ifyouaskme.channel,available,16.48,,53,1,13,namecheap,,
2b8bf744-8eee-4e11-a791-950892e0f12d,biggovernment.channel,available,16.48,,58,1,14,namecheap,,
2b92fb16-62a0-42fa-ba78-b45781f7aa2d,withregardsto.channel,available,16.48,,46,0,15,namecheap,,
2ba045b8-068a-46d4-bfd7-918b4e6af91f,ovens.channel,available,16.48,,55,6,5,namecheap,,
2ba69fac-b1ce-4d60-a280-fb6a94af8f54,getup.channel,premium,36.25,,82,14,6,name.com,,
2bae5851-08b1-420e-b5d9-a135d88f4f93,bendystraw.channel,available,16.48,,80,1,11,namecheap,,
2baf4588-5bf5-4eae-bdde-f940d92aa754,overdressed.channel,available,16.48,,64,3,12,namecheap,,
2bb528a7-a9e9-4b46-acec-c2794e4f37ad,updated.channel,premium,36.25,,52,10,7,name.com,,
2bcc4575-52ce-4ff0-91b1-e66bb6cb6f39,getthrough.channel,available,16.48,,79,2,11,namecheap,,
2bd5ab23-67fa-429f-8e69-f25c669f31f8,precautions.channel,available,16.48,,48,2,11,namecheap,,
2be05475-c95c-49e5-a070-5fd8cb20db45,havenoneofit.channel,available,16.48,,56,1,15,namecheap,,
2be31473-32d8-4744-bd6c-99d9d587d458,generalparalysis.channel,available,16.48,,48,1,17,namecheap,,
2be99960-63c9-4ec5-8b3b-0ccc9ee4a77b,freshair.channel,available,16.48,,78,20,9,namecheap,,
2bee9461-5393-40d5-a1e3-06b7040d3c37,gobananas.channel,available,16.48,,74,7,10,namecheap,,
2bfe62f4-3f46-4e05-bfa3-b347350f5ce0,publishers.channel,premium,36.25,,54,9,10,name.com,,
2c03b433-3f32-46c8-a806-22820b2ef75d,lodged.channel,available,16.48,,60,2,6,namecheap,,
2c059133-fe72-4282-afd0-d86d0599d027,mothafukka.channel,available,16.48,,66,1,10,namecheap,,
2c0bd98c-4722-4125-b612-6c572fe0f749,chairmen.channel,available,16.48,,58,3,8,namecheap,,
2c297b52-d792-4411-88b3-479811bd5add,commercially.channel,available,16.48,,64,3,12,namecheap,,
2c2ffe16-1ed1-46a0-ab9f-7ec0fc5d0887,coffeecakes.channel,available,16.48,,62,2,11,namecheap,,
2c3ff2f6-bfb2-4ea2-9eea-bdf470ab4476,neighbourhood.channel,available,16.48,,70,14,13,namecheap,,
2c4c5a4e-68bd-4c69-b479-c13bdeb01231,actions.channel,premium,73.75,,54,15,7,name.com,,
2c58c053-943a-449d-860b-5beda06b9a9b,sqmi.channel,available,16.48,,54,2,5,namecheap,,
2c5d9c7c-aaf9-450e-ac87-393d7f94e409,namenames.channel,available,16.48,,68,1,10,namecheap,,
2c63340f-e904-4472-8b4c-98f046a039b2,lactosefree.channel,available,16.48,,74,3,12,namecheap,,
2c64c600-5a9c-4ed3-a2b9-0d5bde4ebd6e,Allie.channel,available,16.48,,72,21,5,namecheap,,
2c7163a7-3109-40e0-9339-d8b815093fa8,keepunder.channel,available,16.48,,66,1,10,namecheap,,
2c7857d9-3e34-446f-a04d-93f58c3a47d3,commonnouns.channel,available,16.48,,54,0,12,namecheap,,
2c81b1bf-5158-44d7-8d87-eacc4f94494e,IliveinMelbourne.channel,available,16.48,,50,0,19,namecheap,,
2c82cac2-553e-46fe-b844-5defa8f8ccdd,resemblance.channel,available,16.48,,77,3,11,namecheap,,
2c98111a-5276-4165-b1a2-4c2bc59a3c0a,farmwork.channel,available,16.48,,72,3,9,namecheap,,
2c9b5d1e-503a-4cd0-a70c-1e4b731b2cf4,distinctivepaper.channel,available,16.48,,72,1,17,namecheap,,
2ca7d5eb-1161-42ff-b3de-b2e95c005c2d,demonstrating.channel,available,16.48,,48,1,13,namecheap,,
2cc6200a-3920-442e-a0f0-40bde7857363,GodSavetheKing.channel,available,16.48,,76,12,17,namecheap,,
2cd15c25-3dba-4e81-8846-26be4626dad9,masterofceremonies.channel,available,16.48,,60,2,20,namecheap,,
2cdeaf7b-adad-4b6a-bb1a-189ca6016345,unanimously.channel,available,16.48,,70,2,11,namecheap,,
2ced5d44-2bfb-432c-a036-c8866ce525a1,prowlers.channel,available,16.48,,40,2,8,namecheap,,
2cf300d6-77f7-467f-92d1-626200acf070,WordofAllah.channel,available,16.48,,56,1,13,namecheap,,
2cfee8b9-624e-4a9d-af84-49884e3d9882,TyphoidMary.channel,available,16.48,,59,1,12,namecheap,,
2d043189-ca8b-4686-895e-95efd1bf7c46,motorsports.channel,available,16.48,,74,13,11,namecheap,,
2d0761ef-74dd-4371-8839-00050fe0ba36,Oxfam.channel,available,16.48,,72,5,5,namecheap,,
2d079511-e392-443d-943f-6ce49346265e,Ibegyourpardon.channel,available,16.48,,50,8,17,namecheap,,
2d11fa22-3b90-44e3-8a73-f5e94fa463e5,letpast.channel,available,16.48,,75,1,8,namecheap,,
2d24b603-e9b0-4d85-aa99-aac0456df253,letterpatent.channel,available,16.48,,61,1,13,namecheap,,
2d27e9c5-9277-455d-8b44-e36a279a139a,norms.channel,available,16.48,,45,7,5,namecheap,,
2d294687-10c3-47fe-b865-0fb265dc607a,chickensoup.channel,available,16.48,,84,4,12,namecheap,,
2d3dde36-106f-4020-9189-608fde7a8f1c,reliability.channel,premium,36.25,,84,33,11,name.com,,
2d59f7f0-a5b6-446c-a272-e1bbc8b74187,buzzed.channel,available,16.48,,72,13,6,namecheap,,
2d5a3128-a172-44d2-8834-5884238159cc,golddigger.channel,available,16.48,,64,7,11,namecheap,,
2d5cba45-464e-436c-abc7-2b3c4ff10ce6,surgeprotector.channel,available,16.48,,70,2,15,namecheap,,
2d752c29-325a-4e62-b7ce-380a935638a4,tabs.channel,premium,36.25,,46,19,4,name.com,,
2d85ed4f-58d3-4f38-aeae-90102de2a794,Ilostmyglasses.channel,available,16.48,,50,1,17,namecheap,,
2d87a6b2-bffb-4c98-8953-bf77e0fc9b70,howso.channel,available,16.48,,58,6,6,namecheap,,
2da62dff-9f99-4999-9ee9-a8e80407bc7f,promised.channel,available,16.48,,76,6,8,namecheap,,
2db7162d-27e5-42e6-a392-98aeeed9e3c6,getofftheground.channel,available,16.48,,71,1,18,namecheap,,
2dc73159-47d6-4ef2-a52a-1dd72528571e,comeround.channel,available,16.48,,76,1,10,namecheap,,
2dcfc49f-25cd-475e-bed2-a26a28982a9a,lordsandladies.channel,available,16.48,,68,2,16,namecheap,,
2dd25b7e-3a42-40a6-a489-531aeec10cf3,ranted.channel,available,16.48,,48,2,6,namecheap,,
2dfff3fc-effa-461a-a680-7c0b09e1356b,giveandtake.channel,available,16.48,,66,6,13,namecheap,,
2e0c7c91-43c2-4a1d-8873-dd0a397580d5,commonsense.channel,available,16.48,,86,30,12,namecheap,,
2e123c3f-cfe1-45ba-8568-a6788c88e19e,inregardto.channel,available,16.48,,54,1,12,namecheap,,
2e24937d-5ae6-4b88-ab24-4cf88a9fe8d1,filledin.channel,available,16.48,,52,2,9,namecheap,,
2e261357-860c-489f-9492-ee185ed1609d,generalknowledge.channel,available,16.48,,76,4,17,namecheap,,
2e27ed06-f7fe-466b-b0e3-643fbca63d37,pubquiz.channel,available,16.48,,72,8,8,namecheap,,
2e28dcc8-4a3f-4ae5-949f-2aa797917423,notes.channel,premium,623.75,,73,37,5,name.com,,
2e47e0f8-2fdd-4ca8-9629-0ebdc2cf6777,onschedule.channel,available,16.48,,74,2,11,namecheap,,
2e48dacf-3320-4cf2-877b-a74ce8e7b0d3,JusticeSociety.channel,available,16.48,,48,1,15,namecheap,,
2e4b69f2-046d-4fe4-a486-fe89c87eb1b8,vacationed.channel,available,16.48,,62,1,10,namecheap,,
2e5d6202-0b2d-426f-8a70-bfe2ff80f8a0,photographers.channel,premium,36.25,,47,10,13,name.com,,
2e6ebef9-92f0-4286-a0b3-ef0633467a1e,amatter.channel,available,16.48,,60,2,8,namecheap,,
2e7835d3-0826-48dc-a0d4-0caa34efa933,coulduse.channel,available,16.48,,56,1,9,namecheap,,
2e7f231a-b884-4fd4-8f4e-fe0f9a627021,recognizable.channel,available,16.48,,80,2,12,namecheap,,
2e951286-1a94-4106-bada-683c5cd6cfad,barkeeper.channel,available,16.48,,70,4,10,namecheap,,
2e9897af-7726-41fd-9460-11e815912c5a,takeabreak.channel,available,16.48,,86,8,12,namecheap,,
2eaf49dd-421f-492e-82e3-0e8449a65c35,attendto.channel,available,16.48,,70,1,9,namecheap,,
2ec32fd0-ccd3-4dee-b50d-95290bfdc5b8,jollygoodshow.channel,available,16.48,,76,6,15,namecheap,,
2eccfd93-c044-4f54-9fcd-cc26fe9b38b2,goout.channel,premium,36.25,,72,17,6,name.com,,
2ed0fb36-63ea-4825-a885-4e12c4009675,unadvisable.channel,available,16.48,,56,1,11,namecheap,,
2ed4ff96-8dc0-4f45-8c43-d5a21d01aef2,soundlike.channel,available,16.48,,64,5,10,namecheap,,
2f006c95-25be-4368-9363-db7b42355ace,requisitions.channel,available,16.48,,54,1,12,namecheap,,
2f13ae3e-9d80-4350-bc4f-d63c9ca271ae,privateparts.channel,available,16.48,,61,3,13,namecheap,,
2f3dfb6b-aaf8-454a-a621-65632fc80bef,grassroots.channel,available,16.48,,70,21,11,namecheap,,
2f422651-d87e-4b17-b770-036767a70434,toys.channel,premium,1248.75,,60,24,4,name.com,,
2f45f8f5-5a0c-43ed-8a8e-693a5dcbab9e,Godresthissoul.channel,available,16.48,,44,1,17,namecheap,,
2f5dad26-df13-4c54-9d31-ee2ee4d671a3,managers.channel,premium,36.25,,56,10,8,name.com,,
2f69c39c-44ad-4acd-b65b-f90160e35a08,throats.channel,available,16.48,,44,2,7,namecheap,,
2f7fa46c-248e-4a9e-802a-ee386940cf2b,sheepdog.channel,available,16.48,,76,9,9,namecheap,,
2f8137f8-ab93-4d64-8684-5322e7f2e907,gooutonalimb.channel,available,16.48,,60,1,16,namecheap,,
2f8a059d-7ae2-4811-9c5e-afa1ea358888,meandthee.channel,available,16.48,,48,5,11,namecheap,,
2f96e188-1644-46c7-9921-25a67069f9be,atwork.channel,premium,73.75,,78,13,7,name.com,,
2fb649d2-6ce1-40ec-af7d-74e61c6e2ad4,incompletesentence.channel,available,16.48,,60,1,19,namecheap,,
2fd75f68-dafa-4be1-ac5c-8c68e5334809,chickenfriedsteak.channel,available,16.48,,72,1,19,namecheap,,
2fdf7bb0-d66f-4339-ab55-5047ce6e7907,complaints.channel,premium,36.25,,40,9,10,name.com,,
2fea62ba-6f8c-4312-9ed5-df284cebd73e,calendarclock.channel,available,16.48,,68,1,14,namecheap,,
2fef1152-d916-4e14-8b77-45d47e40a233,butthenagain.channel,available,19.99,,38,1,14,name.com,,
2ffd82b5-56e6-410f-bf84-f72fcca7b4e8,libraries.channel,premium,36.25,,58,11,9,name.com,,
301e854f-02bd-43c8-8279-005890f10697,RosettaStone.channel,available,16.48,,58,12,13,namecheap,,
301e948b-4427-4869-82ff-97bcc35eb63d,hostesses.channel,available,16.48,,56,3,9,namecheap,,
302421af-78af-4082-bb57-026bc755df7c,CountyofYork.channel,available,16.48,,44,1,14,namecheap,,
303521b7-6b8c-417f-a4bf-7dc9f1818f82,costprice.channel,available,16.48,,70,4,10,namecheap,,
3039434d-7117-4156-b62f-df313c19d6f5,SaintGeorge.channel,available,16.48,,54,6,12,namecheap,,
3042b4f6-ed55-4f1e-aea2-6386c5425098,filefootage.channel,available,16.48,,74,1,12,namecheap,,
304fa557-cd56-44ec-9645-0632220264dd,manysplendored.channel,available,16.48,,60,2,15,namecheap,,
30520213-9ec5-49f2-bba2-9253aba34b30,cupboards.channel,available,16.48,,48,3,9,namecheap,,
305623f9-036f-489d-b424-a9a930b685a2,retrieved.channel,available,16.48,,57,3,9,namecheap,,
3058fee5-b095-4d9f-918a-0be6ae5e8251,instep.channel,available,16.48,,72,7,7,namecheap,,
3075f03a-71ef-4d64-83e5-43911d0c3f50,refreshment.channel,available,16.48,,74,4,11,namecheap,,
3084eb95-b9de-4467-878e-d5f3ba3c3a81,SouthCarolina.channel,premium,40.6,40.6,60,19,14,namecheap,,
308c1409-9d33-4976-be62-bd8d3594d113,virtual.channel,premium,623.75,,80,42,7,name.com,,
30c119fa-8277-458d-803e-9a1b1b9d5364,asprovidedfor.channel,available,16.48,,40,0,15,namecheap,,
30c4108b-d0af-49d0-840f-68b68bf7bbee,intervening.channel,available,16.48,,64,1,11,namecheap,,
30cba4e2-8cf6-4e87-9940-4d911cc8be00,keeptabson.channel,available,16.48,,70,1,12,namecheap,,
30cea804-1eb6-415b-bfb5-958453dc0481,generalpublic.channel,available,16.48,,66,5,14,namecheap,,
30d5c9cc-924c-4181-86ef-0949aee43dc3,proxyvoting.channel,available,16.48,,62,2,12,namecheap,,
30d923e1-2a55-4bc1-babb-12045989a532,Westwood.channel,premium,40.6,40.6,66,20,8,namecheap,,
30da8354-961c-4381-9423-39b153698d35,fruitvegetable.channel,available,16.48,,72,1,15,namecheap,,
30e5014e-7257-4a0a-b548-02fa0fd74af1,rests.channel,available,16.48,,52,5,5,namecheap,,
30e7194b-d547-4816-b230-3610b8a9a966,relics.channel,available,16.48,,52,7,6,namecheap,,
30f38d31-aa94-4dfe-b48e-999f5b1ae06f,giveamanafish.channel,available,16.48,,48,1,17,namecheap,,
30f52c3f-b0bd-4e0e-b1d3-ee3463d6f67f,wrinkles.channel,available,16.48,,55,4,8,namecheap,,
310510f5-0b31-457a-b7b8-29144de5ec78,popcornmovie.channel,available,16.48,,77,1,13,namecheap,,
311b6024-9277-46fb-bc91-9bba0c8521f8,givesomethingago.channel,available,16.48,,68,12,19,namecheap,,
311b6042-00fc-4b80-af2e-c8b52cacb33e,stands.channel,premium,73.75,,54,11,6,name.com,,
3123052c-2ba0-4b8f-8171-1182c05465c7,stepup.channel,premium,73.75,,78,19,7,name.com,,
312b37df-4d05-4998-a176-fdfd2ea0685f,billbird.channel,available,16.48,,68,2,9,namecheap,,
314f832e-dab9-4689-917c-e714ffbe014d,shelters.channel,available,16.48,,66,8,8,namecheap,,
316087e8-ba5e-45c5-aa77-e4710256ccb8,fails.channel,available,16.48,,46,7,5,namecheap,,
31667b1d-d1fd-41db-84a9-b1b70ebc531e,talkedabout.channel,available,16.48,,66,1,12,namecheap,,
316af564-00f4-4748-bc7d-34cf016cbbef,sinkin.channel,available,16.48,,76,4,7,namecheap,,
31823acf-c0da-491c-836c-e88e51ac885c,getoutofhere.channel,available,16.48,,70,1,15,namecheap,,
31830eab-27b7-41d1-bff6-75c594310d05,creditspread.channel,available,16.48,,60,1,13,namecheap,,
3185df6b-1cb7-44f6-a861-54716a516521,teeheehee.channel,available,16.48,,88,1,11,namecheap,,
318d500d-655d-42c4-806c-5e706bdda755,rowingboat.channel,available,16.48,,76,2,11,namecheap,,
319a2e22-b4c1-4abd-9105-306236f8a869,promotes.channel,available,16.48,,56,2,8,namecheap,,
31afff3a-cba5-4b68-9da8-305fb4748405,necessities.channel,available,16.48,,58,4,11,namecheap,,
31b135ce-8a40-4b9a-baa8-87ffba98df94,sweetandsour.channel,available,16.48,,68,3,14,namecheap,,
31b19629-52b2-4083-a368-4c98abd152f3,Ineedaguide.channel,available,16.48,,50,1,14,namecheap,,
31b9cd54-e7c9-47a8-808e-fa7457d8f7b2,affirmation.channel,available,16.48,,82,10,11,namecheap,,
31c1f634-f89e-4ff3-a668-ff3c3930b38f,soulmusic.channel,available,16.48,,78,7,10,namecheap,,
31cbb431-9a39-4bf3-ac86-f518802b9e51,infrontof.channel,available,16.48,,56,1,11,namecheap,,
31e67631-bdb2-49ed-a54b-35fb320c2b0f,makethegrade.channel,available,16.48,,70,3,14,namecheap,,